id;date_submission;A1_title;A1_title_other;A2_sector;A2_sector_other;A3_experience;B1_using_python;B1_using_r;B1_using_sas;B1_using_powerbi;B1_using_tableau;B1_using_qlik;B1_using_excel;B1_using_sql;B2_frequency_python;B2_frequency_r;B2_frequency_sas;B2_frequency_powerbi;B2_frequency_tableau;B2_frequency_qlik;B2_frequency_excel;B2_frequency_sql;C1_tasks_dataviz;C1_tasks_reporting;C1_tasks_ml;C1_tasks_modelling;C1_tasks_storytelling;C1_tasks_databases;C1_tasks_business;C1_tasks_pipelines;CA_tasks_requests;C1_tasks_statistics;C1_tasks_tests;C1_tasks_mlops;Y1_gender;Y2_age;Y3_grade;Y4_description;time_interview
6;06/03/2024 09:20;Other;Responsable commercial;Marketing;;8;Python;;;Power BI;Tableau;Qlik;Excel;SQL;Frequently;;;Frequently;Frequently;From time to times;Frequently;From time to times;Frequently;Frequently;Frequently;Rarely;Rarely;From time to times;Frequently;Rarely;From time to times;Frequently;From time to times;Rarely;Male;29;Bac + 5;Data Analyst avec une fonction commercial. Le but est de collecter des données puis de les analyser pour montrer la puissance de nos outils. Ensuite, cela suscite son intérêt pour l'achat de la solution;291.04
7;06/03/2024 10:02;Data Analyst;;Banques / assurances / finances;;23;Python;;SAS;Power BI;Tableau;Qlik;Excel;SQL;Never;;Frequently;From time to times;Never;Never;Frequently;Frequently;From time to times;Frequently;Never;Never;Never;Frequently;Frequently;Rarely;Frequently;Rarely;Never;Never;Female;46;Bac + 5;Consultante en traitement de données ;254.54
9;06/03/2024 10:10;Data Scientist;;Prestation de services informatiques / statistiques;;15;Python;R;;;;;Excel;SQL;Frequently;Frequently;;;;;Frequently;From time to times;Frequently;From time to times;From time to times;Rarely;Frequently;From time to times;From time to times;From time to times;From time to times;Frequently;Frequently;Rarely;Male;46;Bac + 8;;247.09
11;06/03/2024 10:44;Data Analyst;;Other;BTP;1;Python;R;SAS;;Tableau;;Excel;SQL;Never;Never;Never;;Never;;Frequently;Never;Never;Frequently;Never;Never;From time to times;Never;Never;Never;Never;Frequently;Rarely;Never;Male;21;Bac + 2 / 3;"""Je travaille dans une association qui fait des statistiques pour le domaine de la construction""";322.2
15;06/03/2024 11:19;Other;Data manager;Santé;;1;;R;;;;;Excel;SQL;;Frequently;;;;;From time to times;From time to times;Frequently;From time to times;Never;Never;Rarely;Frequently;Rarely;Never;Frequently;Frequently;Rarely;Never;Male;27;Bac + 5;"""Je fais du traitement de données pour la recherche médicale""";257.82
18;06/03/2024 11:49;Data Analyst;;Enseignement / recherche;;9;;R;;;;;Excel;;;From time to times;;;;;Frequently;;Frequently;Rarely;Never;Never;Frequently;From time to times;Rarely;Never;Never;Frequently;Frequently;Never;Male;34;Bac + 2 / 3;Je suis un chercheur en marketing et analyste des données ;436.78
19;06/03/2024 11:49;Data Scientist;;Industrie;;5;Python;;;;Tableau;;Excel;SQL;Frequently;;;;From time to times;;From time to times;From time to times;Frequently;Rarely;Frequently;Never;Frequently;Never;From time to times;Rarely;Rarely;From time to times;Never;Never;Female;28;Bac + 5;Ingénieur numérique ;243.83
21;06/03/2024 12:48;Data Analyst;;Administration;;2;Python;R;;Power BI;;;Excel;;From time to times;Frequently;;Frequently;;;Frequently;;Frequently;Frequently;Never;Never;Frequently;Rarely;Frequently;Rarely;Never;From time to times;From time to times;Never;Male;27;Bac + 5;"Aider les collectivités à prendre des décisions dans la mise en place des politiques publiques
";168.31
22;06/03/2024 13:51;Data Scientist;;Other;Agriculture;1;Python;R;;;Tableau;;Excel;SQL;From time to times;Frequently;;;Never;;From time to times;Never;Frequently;From time to times;Frequently;Never;From time to times;From time to times;Rarely;Rarely;Never;From time to times;From time to times;Never;Female;28;Bac + 5;Analyse de données;199.8
24;06/03/2024 14:14;Data Analyst;;Marketing;;1;Python;R;SAS;Power BI;Tableau;Qlik;Excel;SQL;From time to times;Never;Never;Never;From time to times;Never;From time to times;Frequently;Frequently;Frequently;Rarely;From time to times;Rarely;From time to times;Never;From time to times;Frequently;Frequently;Frequently;Rarely;Female;21;Bac + 2 / 3;Analyse le comportement des utilisateurs d’applications mobiles;287.94
29;06/03/2024 17:40;Data Analyst;;Banques / assurances / finances;;7;;;SAS;;;;Excel;SQL;;;Frequently;;;;Frequently;Frequently;Frequently;Frequently;Never;Rarely;Rarely;From time to times;Frequently;Rarely;Frequently;Frequently;From time to times;Rarely;Male;34;Bac + 5;Je fais des stats;359.49
31;06/03/2024 20:25;Data Scientist;;Prestation de services informatiques / statistiques;;10;Python;R;SAS;;;;;;From time to times;Frequently;Never;;;;;;From time to times;Frequently;Never;Never;Rarely;Rarely;From time to times;Rarely;From time to times;From time to times;Rarely;Never;Male;35;Bac + 8;J'écris des programmes informatiques pour répondre à des besoins clients ;727.25
37;07/03/2024 06:59;Other;Ingénieur Basé de Données ;Other;Bureau d’études ;20;Python;;;Power BI;Tableau;;Excel;SQL;From time to times;;;From time to times;Frequently;;Frequently;Frequently;Frequently;From time to times;Never;From time to times;From time to times;Frequently;Frequently;Rarely;Frequently;Frequently;From time to times;From time to times;Male;44;Bac + 2 / 3;Cartographe ;334.63
39;07/03/2024 08:05;Data Analyst;;Banques / assurances / finances;;7;Python;;;Power BI;Tableau;Qlik;Excel;SQL;Frequently;;;From time to times;Frequently;Never;Frequently;Frequently;Frequently;Frequently;Never;Never;Rarely;From time to times;Frequently;Frequently;Frequently;Rarely;Never;Never;Male;33;Bac + 5;Data analyst;173.25
41;07/03/2024 09:10;Data Analyst;;Transport;;13;;;;Power BI;;;Excel;SQL;;;;From time to times;;;Frequently;Frequently;Frequently;Frequently;Never;Frequently;From time to times;Frequently;From time to times;Rarely;Frequently;Rarely;Frequently;Rarely;Male;38;Bac + 5;Consultant Décisionnel ou maintenant Data analyst (même chose mais nouveau mot);296.92
42;07/03/2024 09:16;Data Analyst;;Banques / assurances / finances;;0;Python;;;Power BI;;Qlik;Excel;SQL;Frequently;;;From time to times;;Never;Frequently;Frequently;From time to times;Frequently;Rarely;Never;From time to times;From time to times;Frequently;From time to times;Frequently;Rarely;Never;From time to times;Male;23;Bac + 5;Ingénieur Informatique de données ;204.96
43;07/03/2024 22:14;Statistician;;Santé;;22;;R;SAS;;;;Excel;;;From time to times;Frequently;;;;From time to times;;Frequently;Frequently;Frequently;Never;Never;Frequently;Never;Never;Frequently;Frequently;Never;Never;Female;46;Bac + 8;Statisticianne;297.33
45;07/03/2024 22:39;Other;Responsable service data;Banques / assurances / finances;;19;;;SAS;Power BI;;;Excel;SQL;;;Frequently;Frequently;;;Frequently;Frequently;From time to times;Frequently;Never;Never;Rarely;Frequently;Rarely;Frequently;Frequently;Rarely;From time to times;Rarely;Female;42;Bac + 2 / 3;"J explique plus la société dans laquelle je travaille et son objectif que l'on poste en tant que tel ;-)";395.49
46;09/03/2024 08:43;Data Analyst;;Industrie;;1;;;;Power BI;Tableau;;Excel;SQL;;;;Frequently;Never;;Frequently;Frequently;Frequently;Frequently;Never;Never;From time to times;Rarely;From time to times;Rarely;Frequently;Never;Rarely;Never;Female;22;Bac + 5;;176.85
49;11/03/2024 17:16;Other;BioStatistician;Santé;;8;;R;SAS;;;;Excel;;;Frequently;Frequently;;;;Frequently;;From time to times;From time to times;Rarely;Never;From time to times;Rarely;Rarely;Never;From time to times;Frequently;Rarely;Never;Male;32;Bac + 5;Réalisation de statistique pour prouver l'efficacité, la sécurité d'un produit ;399.52
50;11/03/2024 18:10;Data Analyst;;Administration;;0;Python;R;SAS;Power BI;Tableau;Qlik;Excel;SQL;Never;Frequently;Never;Never;Never;Never;Frequently;Never;Frequently;Never;Never;Never;From time to times;Never;From time to times;Never;Frequently;Frequently;Never;Never;Male;21;Bac + 2 / 3;Statistician;222.14
51;11/03/2024 19:18;Data Analyst;;Banques / assurances / finances;;5;;R;SAS;Power BI;;Qlik;Excel;SQL;;Never;Frequently;From time to times;;From time to times;Frequently;Frequently;Frequently;Frequently;Never;Never;From time to times;Frequently;From time to times;Never;Frequently;Frequently;Never;Never;Male;34;Bac + 5;Je réponds que je travaille en assurance en tant que data analyst, c'est à dire tout ce qui concerne l'analyse chiffré des coûts des sinistres ;331.35
52;11/03/2024 20:43;Data Analyst;;Other;Immobilier;15;;;SAS;Power BI;;Qlik;Excel;SQL;;;Never;Frequently;;Never;Frequently;Frequently;Frequently;Frequently;Never;From time to times;Rarely;Frequently;Frequently;Frequently;Frequently;Never;Never;Never;Female;37;Bac + 5;Informaticienne;290.74
54;12/03/2024 11:38;Data Analyst;;Industrie;;1;Python;R;SAS;Power BI;;Qlik;Excel;SQL;From time to times;Never;Never;From time to times;;Never;Frequently;From time to times;Frequently;Frequently;Never;Never;Rarely;Frequently;Never;Rarely;From time to times;Frequently;From time to times;Never;Female;20;Bac + 2 / 3;J'analyse des données massives;267.52
56;12/03/2024 11:43;Data Analyst;;Transport;;2;Python;R;SAS;Power BI;;Qlik;Excel;SQL;Never;From time to times;Never;Frequently;;Frequently;Frequently;Never;Frequently;Frequently;Frequently;Rarely;From time to times;From time to times;Frequently;Frequently;From time to times;Frequently;Rarely;Frequently;Female;20;Bac + 2 / 3;Alternance chargée des données de transport du réseau BreizhGo au conseil régional de Bretagne ;260.4
58;12/03/2024 14:27;Data Analyst;;Prestation de services informatiques / statistiques;;13;;R;;;;;;;;Frequently;;;;;;;Frequently;Never;Rarely;From time to times;Rarely;Never;Never;Never;Rarely;Frequently;Frequently;Rarely;Female;37;Bac + 8;J'aide les personnes à valoriser leurs données en les formant en statistiques et R;873.09
59;12/03/2024 17:34;Data Engineer;;Banques / assurances / finances;;2;Python;;;;Tableau;;Excel;SQL;Frequently;;;;Never;;Frequently;Frequently;Rarely;Never;Never;Never;Never;Frequently;Never;From time to times;Frequently;Rarely;From time to times;Never;Male;36;Bac + 5;Data engineer ;246.98
60;13/03/2024 12:20;Statistician;;Santé;;17;;R;SAS;;;;;;;Frequently;Never;;;;;;Never;From time to times;Frequently;From time to times;Never;Rarely;Never;Never;From time to times;From time to times;From time to times;Never;Male;43;Bac + 8;Statistician;325.49
63;14/03/2024 07:58;Data Analyst;;Banques / assurances / finances;;18;;;SAS;Power BI;;Qlik;Excel;SQL;;;Frequently;Frequently;;From time to times;Frequently;Frequently;Frequently;Frequently;Never;Frequently;Frequently;From time to times;Frequently;Frequently;Frequently;From time to times;Frequently;Rarely;Male;42;Bac + 5;Manager Data Marketing ;290.31
65;14/03/2024 08:22;Data Analyst;;Banques / assurances / finances;;6;;R;SAS;Power BI;;;Excel;SQL;;Never;Frequently;Frequently;;;Frequently;Frequently;Frequently;Frequently;Never;Never;From time to times;Never;From time to times;Rarely;Frequently;Frequently;Rarely;Never;Male;31;Bac + 5;"Je paramètre les campagnes marketing et notamment le ciblage des clients, j’analyse ensuite les résultats de nos campagnes marketing.
Je développe aussi des tableaux de bord.";474.05
66;14/03/2024 09:26;Data Analyst;;Administration;;3;Python;R;SAS;;;;Excel;SQL;Never;Frequently;From time to times;;;;From time to times;Frequently;Frequently;Frequently;Never;Never;From time to times;Frequently;Rarely;Never;Frequently;Frequently;From time to times;Never;Male;26;Bac + 5;Responsable de production statistique au ministère de la justice;196.78
67;14/03/2024 10:17;Data Analyst;;Enseignement / recherche;;10;;R;;Power BI;;;Excel;;;Frequently;;From time to times;;;Frequently;;Frequently;Rarely;Never;Never;Frequently;From time to times;Frequently;Never;Frequently;Frequently;Frequently;Rarely;Male;42;Bac + 5;Je suis chercheur en nutrition animale ;500.17
68;14/03/2024 10:16;Other;BioStatisticianne ;Santé;;0;;R;SAS;;;;Excel;;;Frequently;From time to times;;;;Frequently;;Frequently;Frequently;From time to times;Rarely;From time to times;Frequently;Never;Never;Never;Frequently;From time to times;Never;Female;24;Bac + 5;J’analyse les données pour la recherche médicale ;222.95
69;14/03/2024 10:23;Data Analyst;;Other;Commerce / Retail;9;Python;R;SAS;Power BI;;;Excel;SQL;Never;Frequently;Frequently;From time to times;;;From time to times;Frequently;Frequently;From time to times;Rarely;From time to times;From time to times;Rarely;Frequently;Rarely;Frequently;Frequently;From time to times;Rarely;Male;38;Bac + 8;Je fais des analyses statistiques pour comprendre le fonctionnement de mon entreprise.;350.43
70;14/03/2024 10:30;Data Analyst;;Enseignement / recherche;;3;;R;;;;;Excel;;;Frequently;;;;;Frequently;;Frequently;Frequently;Frequently;Frequently;Rarely;Frequently;Never;Never;Frequently;Frequently;Rarely;From time to times;Male;31;Bac + 5;BioStatistician;190.71
72;14/03/2024 10:58;Other;Senior Data Officer;Other;Humanitaire;7;Python;;;Power BI;;;Excel;SQL;Frequently;;;Frequently;;;Frequently;Frequently;Frequently;Frequently;From time to times;Rarely;Frequently;Frequently;Frequently;Frequently;Frequently;From time to times;Frequently;Rarely;Male;37;Bac + 5;Je suis informaticien et analyste des données;369.01
74;14/03/2024 11:39;Data Analyst;;Banques / assurances / finances;;9;Python;R;SAS;;Tableau;Qlik;Excel;SQL;Never;Frequently;Frequently;;Never;Never;From time to times;Frequently;Never;Never;Never;Never;Never;From time to times;Rarely;Never;Frequently;Rarely;From time to times;Never;Male;32;Bac + 5;Analyste de données;338.05
75;14/03/2024 13:01;Data Engineer;;Santé;;4;Python;;SAS;;;;;SQL;From time to times;;Frequently;;;;;Frequently;Rarely;Never;From time to times;Never;Never;Frequently;Never;From time to times;Frequently;Rarely;Never;Never;Male;32;Bac + 5;Data manager ;278.25
76;14/03/2024 13:03;Data Analyst;;Administration;;1;Python;R;SAS;Power BI;;;Excel;SQL;Never;Never;Never;Frequently;;;Frequently;From time to times;Frequently;Frequently;Never;Never;Never;Never;Never;Never;Never;Never;Never;Never;Female;22;Bac + 2 / 3;alternante data analyst;209.31
77;14/03/2024 14:24;Data Analyst;;Enseignement / recherche;;3;Python;R;SAS;Power BI;Tableau;;Excel;SQL;From time to times;Frequently;Frequently;From time to times;Never;;Frequently;Frequently;Frequently;Rarely;Frequently;Rarely;Frequently;Frequently;From time to times;Rarely;Rarely;Frequently;Frequently;Never;Male;30;Bac + 5;Je travaille dans le domaine de la data;250.88
79;14/03/2024 15:39;Statistician;;Enseignement / recherche;;5;;R;;;;;Excel;;;Frequently;;;;;From time to times;;Rarely;Never;Frequently;Frequently;Rarely;From time to times;Never;Never;Never;Frequently;From time to times;Rarely;Female;29;Bac + 8;BioStatisticianne, analyse de données pour améliorer la conservation de la biodiversité, mise en place de protocole, vulgarisation scientifique des résultats, projet de recherche appliquée;259.92
80;14/03/2024 15:49;Other;R&D engineer;Prestation de services informatiques / statistiques;;0;Python;;;;;;Excel;;Frequently;;;;;;From time to times;;Frequently;From time to times;Never;Rarely;Frequently;From time to times;Never;Never;Rarely;From time to times;From time to times;Never;Male;28;Bac + 5;Ingénieur en recherche et développement, je fais des outils et solutions numériques pour digitaliser le métier de l'opticien;333.91
81;14/03/2024 16:13;Data Engineer;;Numérique / Web;;15;Python;;;;Tableau;Qlik;Excel;SQL;Frequently;;;;Frequently;Never;Frequently;Frequently;Frequently;Frequently;From time to times;Rarely;From time to times;Frequently;Frequently;Frequently;Frequently;From time to times;Frequently;Rarely;Male;38;Bac + 5;"En général et ne connaissant pas l'activité de la personne, je procède par ""couches"": 
Je travaille dans la data 
La data d'obtenir des statistiques, des informations pour bien piloter l'entreprise
Mon rôle en particulier est de mettre à disposition des données qui viennent de plusieurs systèmes (logiciel de ventes, trafic web, de ressources humaines,...)  dans une seule base de données, nettoyée et organiser de facon à permettre aux personnes qui vont utiliser ces données (les analystes data, analystes métiers, Statisticians) puissent le faire le plus simplement et avec le plus de fiabilité possible.
";1573.5
82;14/03/2024 17:06;Data Engineer;;Prestation de services informatiques / statistiques;;4;Python;;;Power BI;Tableau;;Excel;SQL;Never;;;From time to times;Never;;From time to times;Frequently;From time to times;From time to times;Rarely;Rarely;Rarely;Frequently;From time to times;From time to times;Frequently;Rarely;From time to times;Rarely;Male;44;Bac + 8;Consultant data;201.39
83;14/03/2024 20:42;Data Analyst;;Numérique / Web;;5;Python;;;;Tableau;;;SQL;Frequently;;;;Frequently;;;Frequently;Frequently;Frequently;Never;Never;Frequently;Rarely;Frequently;Rarely;Frequently;Frequently;From time to times;Never;Female;34;Bac + 5;Analyste de données;179.87
89;15/03/2024 20:05;Other;Responsable de projets ;Banques / assurances / finances;;17;;R;SAS;Power BI;;;Excel;SQL;;From time to times;Frequently;Frequently;;;Frequently;Frequently;Frequently;Frequently;From time to times;Frequently;Rarely;Frequently;Frequently;Frequently;Frequently;From time to times;Frequently;Rarely;Female;43;Bac + 5;;185.85
93;16/03/2024 13:52;Data Analyst;;Prestation de services informatiques / statistiques;;4;;;;Power BI;;Qlik;Excel;SQL;;;;Frequently;;Never;Frequently;From time to times;Frequently;Frequently;Never;Frequently;Rarely;Rarely;From time to times;Never;From time to times;Rarely;Frequently;Never;Female;26;Bac + 5;Je fais de la data-viz, je construis des tableaux de bord avec des jolis graphiques pour suivre l'activité de l'entreprise;328.89
94;16/03/2024 16:11;Data Analyst;;Other;Conseils ;2;Python;R;;;;;Excel;SQL;Frequently;Frequently;;;;;Frequently;From time to times;Frequently;From time to times;Frequently;Frequently;Frequently;From time to times;Rarely;From time to times;Rarely;Frequently;Frequently;From time to times;Male;29;Bac + 5;Data analyste;537.71
95;16/03/2024 16:27;Statistician;;Administration;;13;;R;SAS;Power BI;;;Excel;SQL;;Frequently;Never;Never;;;Frequently;Frequently;Frequently;Frequently;Never;Never;From time to times;Never;Rarely;Rarely;Frequently;Frequently;From time to times;Never;Male;36;Bac + 5;Études statistiques, demographiques réalisées à partir des bases de données de l'Assurance Maladie ;306.05
101;17/03/2024 17:48;Data Engineer;;Other;Aéronautique ;3;Python;;;;;;;;Frequently;;;;;;;;From time to times;From time to times;Rarely;Frequently;From time to times;Frequently;From time to times;Frequently;Frequently;Rarely;Frequently;From time to times;Female;29;Bac + 5;;229.75
102;17/03/2024 18:54;Other;Data manager ;Santé;;15;;R;SAS;Power BI;;;Excel;SQL;;Never;From time to times;Never;;;Frequently;From time to times;From time to times;Rarely;Never;Never;Never;Frequently;Never;Never;From time to times;Never;Never;Never;Female;42;Bac + 2 / 3;Data manager clinique;171.38
105;17/03/2024 23:27;Data Analyst;;Industrie;;10;;R;SAS;Power BI;;;Excel;SQL;;Never;Never;From time to times;;;Frequently;Frequently;From time to times;Frequently;Never;From time to times;Rarely;Frequently;Frequently;Rarely;Frequently;Never;Rarely;From time to times;Female;35;Bac + 5;Je fais de l'analyse de données ;441.93
106;18/03/2024 07:51;Data Analyst;;Banques / assurances / finances;;3;Python;R;;Power BI;;;Excel;SQL;From time to times;Frequently;;From time to times;;;Frequently;From time to times;Frequently;Frequently;Rarely;From time to times;From time to times;From time to times;Frequently;From time to times;From time to times;Frequently;From time to times;Rarely;Male;27;Bac + 5;Business Analyst ;435.16
109;18/03/2024 08:11;Data Analyst;;Other;Télécommunications ;1;Python;;;Power BI;;;Excel;SQL;Frequently;;;Frequently;;;Frequently;Frequently;Frequently;Frequently;Never;Never;Rarely;Never;From time to times;Rarely;Frequently;Never;Rarely;Never;Male;41;Bac + 5;Analyse, données, décisions, métiers ;279.65
110;18/03/2024 08:13;Data Scientist;;Transport;;2;Python;;;;;;Excel;SQL;Frequently;;;;;;Frequently;From time to times;Frequently;Frequently;From time to times;Rarely;From time to times;Rarely;Rarely;Rarely;From time to times;From time to times;From time to times;Rarely;Male;36;Bac + 5;Ingénieur de recherche / data scientist. ;232.99
113;18/03/2024 08:19;Other;Web analyst;Other;Immobilier;0;;;;;;;;SQL;;;;;;;;From time to times;Frequently;Frequently;Never;Never;Frequently;Never;Frequently;Never;Never;From time to times;Never;Never;Male;26;Bac + 5;Web analyst;232.19
115;18/03/2024 08:19;Other;Database Engineer ;Numérique / Web;;20;;;;;Tableau;;Excel;SQL;;;;;Frequently;;Frequently;Frequently;From time to times;From time to times;Rarely;From time to times;From time to times;Frequently;From time to times;From time to times;Frequently;From time to times;From time to times;Rarely;Male;44;Bac + 5;Cartographe;193.41
117;18/03/2024 08:25;Data Analyst;;Other;RH;2;Python;;;Power BI;Tableau;;Excel;SQL;Never;;;Never;Never;;Frequently;Frequently;Frequently;Frequently;Never;Never;From time to times;Frequently;Frequently;From time to times;Frequently;Rarely;Rarely;Never;Female;31;Bac + 5;Data analyst ou Analyste ;231.41
119;18/03/2024 08:29;Data Analyst;;Prestation de services informatiques / statistiques;;8;Python;R;SAS;Power BI;Tableau;;Excel;SQL;From time to times;From time to times;From time to times;From time to times;Frequently;;Frequently;Frequently;Frequently;Frequently;Never;Never;Frequently;Frequently;Frequently;Frequently;Frequently;Frequently;From time to times;Never;Male;29;Bac + 5;Data analyst ;214.69
122;18/03/2024 08:37;Data Analyst;;Prestation de services informatiques / statistiques;;2;Python;;;;Tableau;;Excel;SQL;From time to times;;;;Frequently;;Frequently;Frequently;Frequently;Frequently;Never;Frequently;From time to times;From time to times;Frequently;Frequently;Frequently;From time to times;From time to times;Never;Male;27;Bac + 5;Data analyst;243.07
125;18/03/2024 08:51;Data Engineer;;Banques / assurances / finances;;3;Python;;SAS;Power BI;;;Excel;SQL;Frequently;;From time to times;From time to times;;;From time to times;Frequently;From time to times;From time to times;Rarely;Rarely;Rarely;Frequently;Frequently;Frequently;Frequently;From time to times;Frequently;Rarely;Male;26;Bac + 5;Consultant Data Engineer dans le monde de l'assurance, de la banque et de l'asset management.;211.27
127;18/03/2024 08:56;Data Analyst;;Prestation de services informatiques / statistiques;;2;Python;R;;Power BI;Tableau;Qlik;Excel;SQL;From time to times;Never;;Never;Frequently;Never;From time to times;Frequently;Frequently;Frequently;Never;Never;From time to times;Frequently;Frequently;From time to times;Frequently;From time to times;From time to times;Never;Female;25;Bac + 5;Data Analyst : gestion de bases de données, avec préparation et visualisation de donnés (graphiques, indicateurs);331.95
128;18/03/2024 09:00;Data Engineer;;Prestation de services informatiques / statistiques;;7;Python;R;SAS;Power BI;Tableau;;Excel;SQL;Frequently;Never;Never;Never;Never;;Frequently;Frequently;Frequently;Frequently;Never;Frequently;Never;Frequently;Frequently;Frequently;Frequently;Frequently;Frequently;Never;Male;34;Bac + 5;Data Scientist;321.07
129;18/03/2024 09:02;Data Scientist;;Industrie;;4;Python;;;;Tableau;;Excel;SQL;Frequently;;;;Never;;From time to times;Frequently;Frequently;Frequently;From time to times;Rarely;Frequently;Rarely;Frequently;Frequently;Frequently;Frequently;Frequently;Rarely;Female;26;Bac + 5;j'analyse des données pour optimiser nos produits, j'explique et je prédis des phénomènes.;263.42
131;18/03/2024 09:14;Other;Analytics Engineer ;Banques / assurances / finances;;4;Python;;;;Tableau;;Excel;SQL;From time to times;;;;Never;;From time to times;Frequently;From time to times;Rarely;Never;Never;Rarely;Frequently;Frequently;Frequently;Frequently;Rarely;Frequently;Never;Male;35;Bac + 2 / 3;Je prépare des jeux de données pour générer des statistiques permettant aux différents métiers de comprendre leur piloter leur activité. ;319.82
133;18/03/2024 09:14;Data Engineer;;Banques / assurances / finances;;5;Python;;;Power BI;;Qlik;Excel;SQL;From time to times;;;From time to times;;Never;Frequently;Frequently;Rarely;Rarely;Never;From time to times;Never;Frequently;From time to times;Frequently;Frequently;Rarely;From time to times;Never;Male;35;Bac + 5;;186.33
135;18/03/2024 09:23;Other;Consultant en data et analytics;Banques / assurances / finances;;2;Python;R;SAS;Power BI;;;Excel;SQL;From time to times;Never;From time to times;From time to times;;;Frequently;Frequently;Frequently;Frequently;From time to times;Never;Frequently;Rarely;Frequently;Rarely;Frequently;From time to times;Frequently;Never;Male;25;Bac + 5;Consultant en data et analytics;300.05
136;18/03/2024 09:30;Data Analyst;;Banques / assurances / finances;;3;;;SAS;;;Qlik;Excel;SQL;;;Frequently;;;From time to times;Frequently;Frequently;From time to times;Frequently;Never;Rarely;From time to times;Rarely;Frequently;From time to times;Frequently;Rarely;From time to times;Rarely;Male;36;Bac + 5;.;205.82
138;18/03/2024 09:39;Data Scientist;;Transport;;4;Python;R;;;;;;SQL;Frequently;From time to times;;;;;;From time to times;Frequently;Rarely;From time to times;Frequently;From time to times;Rarely;Frequently;From time to times;Frequently;From time to times;Frequently;From time to times;Male;28;Bac + 8;Ingénieur chercheur en statistiques/science des données;227.87
139;18/03/2024 09:55;Data Scientist;;Industrie;;2;Python;R;;Power BI;Tableau;;Excel;SQL;From time to times;Never;;From time to times;Never;;Frequently;Frequently;Frequently;Rarely;Frequently;Rarely;From time to times;From time to times;From time to times;From time to times;Frequently;Frequently;Frequently;From time to times;Male;22;Bac + 5;Je fais de l'IA et des statistiques permettant de résoudre des problématiques métiers au sein de mon entreprise;1174.32
140;18/03/2024 09:45;Other;Head of Data;Transport;;15;Python;R;;;Tableau;;Excel;SQL;Frequently;Never;;;Never;;Frequently;Frequently;Frequently;Frequently;Rarely;Frequently;Rarely;Frequently;Frequently;From time to times;Frequently;Rarely;Rarely;Rarely;Male;38;Bac + 5;Directeur Data;275.11
141;18/03/2024 10:06;Data Analyst;;Prestation de services informatiques / statistiques;;3;Python;R;;;;;Excel;SQL;Never;Frequently;;;;;From time to times;From time to times;Frequently;Frequently;Never;Never;Never;Never;Rarely;Frequently;Rarely;Rarely;Never;Never;Female;34;Bac + 5;Que je travaille dans la data.;227.88
146;18/03/2024 11:39;Data Analyst;;Santé;;2;Python;;;Power BI;;;Excel;SQL;Never;;;Frequently;;;Frequently;From time to times;Frequently;Frequently;Never;Frequently;From time to times;Never;Frequently;From time to times;Frequently;From time to times;Frequently;Never;Male;27;Bac + 5;J’analyse les données de l’entreprise ;261.55
147;18/03/2024 12:33;Data Scientist;;Industrie;;8;Python;R;;;;;Excel;SQL;Frequently;Never;;;;;From time to times;From time to times;From time to times;Frequently;From time to times;From time to times;Frequently;From time to times;From time to times;From time to times;From time to times;Rarely;From time to times;From time to times;Female;50;Bac + 5;Je suis Data Scientist pour le milieu de la tech, et pour mes Others  contacts, je développe des applications qui gèrent les données et intègrent l'intelligence artificielle.;700.41
148;18/03/2024 12:42;Statistician;;Santé;;1;Python;R;SAS;;;;Excel;;Never;Never;Frequently;;;;Frequently;;Frequently;Frequently;From time to times;From time to times;Frequently;Frequently;Never;Never;Never;Frequently;Frequently;From time to times;Female;25;Bac + 5;BioStatisticianne;586.56
149;18/03/2024 13:21;Data Engineer;;Prestation de services informatiques / statistiques;;5;Python;;;Power BI;;;;SQL;Frequently;;;From time to times;;;;From time to times;From time to times;From time to times;Never;Never;Rarely;Rarely;From time to times;Frequently;Rarely;Never;From time to times;Never;Female;33;Bac + 5;Analystics Engineer ;249.27
150;18/03/2024 13:40;Data Analyst;;Other;telecom;0;Python;R;;Power BI;;;Excel;SQL;Never;Never;;Never;;;Frequently;Never;Frequently;Frequently;Never;Never;Frequently;Never;Never;Never;Never;Never;Never;Never;Male;24;Bac + 5;Data Analyst de données;221.88
153;18/03/2024 14:34;Data Analyst;;Other;Industrie/Marketing/Banques/Numrique;8;Python;;;;Tableau;;;SQL;From time to times;;;;Frequently;;;Frequently;Frequently;Frequently;Never;Frequently;From time to times;From time to times;From time to times;From time to times;Frequently;Frequently;Frequently;Never;Male;30;Bac + 5;Consultant Data Freelance;510
154;18/03/2024 14:38;Data Analyst;;Industrie;;2;Python;;;Power BI;;;Excel;SQL;From time to times;;;Frequently;;;From time to times;From time to times;Frequently;Frequently;Never;Never;Frequently;Never;Frequently;From time to times;Never;Rarely;Never;Never;Male;25;Bac + 5;Warranty/Quality Data Analyst;401.1
155;18/03/2024 15:32;Other;Web Analyst;Other;Conseil;2;;;;Power BI;;;;SQL;;;;Frequently;;;;Frequently;Frequently;Frequently;Never;Never;Rarely;Frequently;Frequently;From time to times;Frequently;Never;Never;Never;Male;34;Bac + 5;Web Analyst;3490.71
156;18/03/2024 15:07;Data Analyst;;Numérique / Web;;2;Python;;;;;;;SQL;From time to times;;;;;;;From time to times;Frequently;Frequently;Never;Never;Frequently;Never;Frequently;Never;Rarely;From time to times;Never;Never;Female;31;Bac + 5;Analyste de données pour les fonctions RH;257.87
157;18/03/2024 15:19;Other;Analytics Engineer;Other;Retail;12;Python;R;;;Tableau;Qlik;Excel;SQL;Frequently;Never;;;Frequently;Never;From time to times;Frequently;Frequently;Frequently;Never;Never;Rarely;Rarely;Rarely;Frequently;Frequently;Never;Never;Never;Male;31;Bac + 5;Je travaille pour <mon client>, je les aide à analyser leurs données;304.08
158;18/03/2024 15:23;Data Analyst;;Other;Télécommunication;9;Python;R;;Power BI;;Qlik;Excel;SQL;Frequently;Frequently;;Frequently;;From time to times;Frequently;Never;Frequently;Frequently;Never;Never;Rarely;Never;Frequently;Never;Frequently;Frequently;Frequently;Never;Male;31;Bac + 5;Data Scientist, Statistician;347.11
159;18/03/2024 16:09;Other;Data Product Manager;Santé;;11;Python;;;;Tableau;;;SQL;From time to times;;;;Frequently;;;Frequently;Frequently;Frequently;Never;Rarely;From time to times;Rarely;Frequently;From time to times;Frequently;Frequently;Never;Never;Female;35;Bac + 5;Gestion de projet d'analyse de données;175.41
160;18/03/2024 16:22;Data Analyst;;Industrie;;4;Python;;;Power BI;;;Excel;SQL;From time to times;;;Frequently;;;Frequently;From time to times;Frequently;Frequently;Rarely;Never;Frequently;Frequently;Frequently;From time to times;From time to times;Never;Rarely;Never;Male;29;Bac + 5;Data analyst;271.36
163;18/03/2024 17:03;Data Scientist;;Transport;;4;Python;;;;Tableau;;Excel;SQL;Frequently;;;;From time to times;;From time to times;From time to times;Frequently;Frequently;Frequently;From time to times;From time to times;Never;Frequently;Rarely;Rarely;From time to times;Rarely;Frequently;Male;36;Bac + 5;Data Scientist ou Ingénieur ML;292.56
167;18/03/2024 19:32;Data Analyst;;Industrie;;3;;;;Power BI;Tableau;;Excel;SQL;;;;Frequently;From time to times;;Frequently;Frequently;Frequently;From time to times;Rarely;From time to times;Never;From time to times;From time to times;Rarely;Frequently;From time to times;From time to times;Never;Male;35;Bac + 2 / 3;Logisticien ;281.99
168;18/03/2024 20:05;Other;Risk Manager ;Banques / assurances / finances;;4;Python;;;Power BI;;;Excel;;From time to times;;;From time to times;;;Frequently;;Frequently;Frequently;Never;Rarely;Frequently;From time to times;Frequently;Rarely;From time to times;From time to times;Rarely;Never;Male;40;Bac + 5;Excel;308.78
169;18/03/2024 20:20;Data Scientist;;Santé;;3;Python;R;;;;;;SQL;Frequently;From time to times;;;;;;Frequently;From time to times;From time to times;Frequently;Frequently;Frequently;From time to times;From time to times;Frequently;Frequently;Rarely;Frequently;Frequently;Male;29;Bac + 5;Ingénieur machine learning/MLOps;283.81
175;19/03/2024 03:50;Data Analyst;;Banques / assurances / finances;;2;;;SAS;Power BI;;;Excel;SQL;;;Frequently;Frequently;;;Frequently;Frequently;Frequently;Frequently;Never;Never;Frequently;Frequently;Frequently;From time to times;Frequently;From time to times;Never;Never;Male;31;Bac + 5;Data Analyst;260.98
178;19/03/2024 07:37;Data Engineer;;Prestation de services informatiques / statistiques;;2;Python;;;;;;;SQL;From time to times;;;;;;;Frequently;Never;Rarely;Never;Never;Never;Frequently;From time to times;Frequently;Frequently;Never;From time to times;Never;Male;31;Bac + 2 / 3;Je suis Data Engineer, en gros je suis développeur informatique spécialisé dans la gestion de données.;231.18
180;19/03/2024 07:46;Data Analyst;;Numérique / Web;;3;;R;;;;;;SQL;;From time to times;;;;;;Frequently;Frequently;Frequently;Rarely;Rarely;From time to times;From time to times;Frequently;Rarely;Frequently;From time to times;Frequently;From time to times;Male;28;Bac + 5;Business & Marketing Analyst : analyse produit et recherche d’optimisation du coup du joueur par rapport à sa valeur vie.;320.82
181;19/03/2024 08:50;Data Engineer;;Industrie;;3;Python;;;Power BI;;;;SQL;Frequently;;;From time to times;;;;Frequently;Rarely;From time to times;Never;Frequently;From time to times;Rarely;Never;Frequently;Frequently;Rarely;Frequently;Never;Male;41;Bac + 5;Ingénieur ;326.42
182;19/03/2024 09:27;Data Scientist;;Numérique / Web;;6;Python;R;;;;;Excel;SQL;Frequently;Never;;;;;Frequently;Frequently;From time to times;From time to times;Rarely;Rarely;From time to times;From time to times;Frequently;From time to times;Frequently;Rarely;From time to times;From time to times;Male;30;Bac + 5;J'aide nos clients à extraire de l'information utile pour leur business à partir de données brutes.;468.96
183;19/03/2024 09:34;Data Engineer;;Prestation de services informatiques / statistiques;;3;Python;R;;Power BI;;Qlik;Excel;SQL;From time to times;From time to times;;From time to times;;From time to times;Frequently;Frequently;Never;Never;Rarely;Frequently;Never;Frequently;Never;Frequently;Frequently;Never;From time to times;Never;Female;32;Bac + 5;Mise en place de flux de données, transformation et nettoyage de données massives;321.1
184;19/03/2024 12:46;Data Analyst;;Prestation de services informatiques / statistiques;;2;Python;;;Power BI;Tableau;;Excel;SQL;From time to times;;;Frequently;Frequently;;From time to times;Frequently;Frequently;Frequently;Never;Never;From time to times;Frequently;Frequently;Rarely;Frequently;From time to times;Rarely;Never;Female;34;Bac + 5;Data Analyst de données. J'essaie d'expliquer avec des mots simples ce que cela signifie : prestations clients, analyse de données, construction de tableaux de bord, visualisation d'indicateurs de performance, etc.;265.12
186;19/03/2024 14:31;Data Engineer;;Other;Média;0;Python;R;;;;;Excel;SQL;Frequently;Never;;;;;Never;From time to times;From time to times;From time to times;From time to times;Never;Never;From time to times;From time to times;Frequently;Frequently;From time to times;Frequently;Rarely;Female;25;Bac + 5;Je travaille dans l'informatique, j'aide à faire de l'ia.;520.98
187;19/03/2024 15:14;Data Analyst;;Other;Télécommunications;1;Python;;;;;;Excel;SQL;Frequently;;;;;;Frequently;From time to times;From time to times;Frequently;Never;Never;Rarely;Rarely;From time to times;Never;Rarely;Never;Never;Never;Male;24;Bac + 2 / 3;Je suis data analyst. Je mets en lumière des KPI's qui pourraient être pertinentes afin que mon responsable puisse prendre des décisions.;725.76
188;19/03/2024 15:17;Data Analyst;;Banques / assurances / finances;;1;Python;;SAS;Power BI;;;Excel;SQL;Frequently;;Frequently;From time to times;;;Frequently;Frequently;Frequently;Frequently;From time to times;Rarely;From time to times;Rarely;From time to times;Rarely;Frequently;Frequently;From time to times;Never;Male;23;Bac + 5;;214.42
189;19/03/2024 15:21;Data Scientist;;Transport;;3;Python;;;;;;;;Frequently;;;;;;;;From time to times;Never;From time to times;Never;From time to times;Never;Frequently;Never;Never;Frequently;Frequently;Never;Male;38;Bac + 5;j'analyse des données;336.05
190;19/03/2024 15:22;Data Analyst;;Other;Logement ;0;Python;;;;;;Excel;;From time to times;;;;;;Frequently;;Frequently;From time to times;Never;Never;Never;From time to times;Frequently;Never;Never;From time to times;From time to times;Never;Male;55;Bac + 2 / 3;data analyst;297.65
191;19/03/2024 15:22;Data Scientist;;Industrie;;3;Python;R;;Power BI;Tableau;;Excel;SQL;Frequently;From time to times;;Frequently;From time to times;;Frequently;Frequently;Frequently;Frequently;Frequently;Rarely;From time to times;Rarely;From time to times;From time to times;Frequently;Frequently;Rarely;Rarely;Male;26;Bac + 5;;274.69
192;19/03/2024 15:26;Other;Research Analyst;Enseignement / recherche;;6;Python;R;SAS;Power BI;Tableau;;Excel;SQL;From time to times;Frequently;From time to times;Frequently;From time to times;;Frequently;From time to times;Frequently;Frequently;Frequently;Never;Frequently;Frequently;Never;Never;Frequently;Frequently;Frequently;Never;Male;28;Bac + 5;Analyste de recherche;440.74
195;19/03/2024 15:26;Other;ML Engineer;Other;Alimentation;6;Python;R;;;;;Excel;SQL;Frequently;Never;;;;;From time to times;Frequently;From time to times;Never;Rarely;Frequently;Rarely;Never;Rarely;Never;From time to times;Rarely;From time to times;Frequently;Male;34;Bac + 8;"Soit ingénieur en intelligence artificielle (voire informatique)
Soit data scientist";357.73
200;19/03/2024 15:33;Data Analyst;;Other; Commerce / Négoce / Distribution;2;Python;;;Power BI;;;Excel;SQL;Frequently;;;Never;;;Frequently;From time to times;Frequently;Frequently;Never;From time to times;Rarely;Frequently;Frequently;Frequently;Frequently;Rarely;Never;Frequently;Male;23;Bac + 2 / 3;Récupération et traitement de données pour des reportings à destination de la direction;499.07
201;19/03/2024 15:29;Data Engineer;;Prestation de services informatiques / statistiques;;6;Python;;;Power BI;;;Excel;SQL;Frequently;;;Frequently;;;Frequently;Frequently;Frequently;Frequently;From time to times;Frequently;From time to times;From time to times;From time to times;Frequently;Frequently;From time to times;Frequently;Frequently;Male;34;Bac + 5;;138.66
204;19/03/2024 15:45;Data Scientist;;Other;Immobilier;4;Python;;;;;;Excel;SQL;Frequently;;;;;;From time to times;From time to times;Frequently;Never;From time to times;From time to times;From time to times;Never;Never;Rarely;Frequently;Frequently;Frequently;From time to times;Male;37;Bac + 5;Data Scientist;704.52
206;19/03/2024 15:40;Data Scientist;;Banques / assurances / finances;;1;Python;;;;;;;SQL;From time to times;;;;;;;Frequently;Rarely;Frequently;Never;Never;Never;Never;Rarely;Never;Frequently;Rarely;Never;Never;Female;38;Bac + 5;Data analyst;190.64
208;19/03/2024 15:40;Data Analyst;;Industrie;;6;Python;;;Power BI;;;Excel;SQL;Frequently;;;Frequently;;;Frequently;Frequently;Frequently;Frequently;Never;Rarely;Frequently;From time to times;Frequently;Rarely;Frequently;Frequently;Frequently;Never;Male;39;Bac + 5;Expert supply-chain et automatisation;177.63
210;19/03/2024 15:49;Data Scientist;;Marketing;;8;Python;R;SAS;;;;Excel;SQL;From time to times;Frequently;Never;;;;From time to times;Frequently;From time to times;From time to times;From time to times;Rarely;From time to times;Never;From time to times;Never;From time to times;From time to times;From time to times;Rarely;Male;33;Bac + 5;J'analyse les données pour comprendre le comportement d'achat des clients;657.18
211;19/03/2024 15:43;Data Analyst;;Other;Sport;0;;R;;;Tableau;;;;;Frequently;;;Frequently;;;;Frequently;Frequently;Never;Rarely;Frequently;Frequently;From time to times;Rarely;Frequently;Frequently;Never;Never;Male;34;Bac + 5;Mon métier, c'est d'analyser des données. On a énormément de données issues de ce sport, et mon rôle, c'est d'utiliser ces données pour permettre aux staffs de mieux connaître les joueurs et les équipes à travers les chiffres, aux agents de signer de meilleurs contrats, aux fans de bénéficier d'informations jusque là inconnues.;232.65
214;19/03/2024 15:49;Data Analyst;;Prestation de services informatiques / statistiques;;1;Python;;;Power BI;;;Excel;SQL;Frequently;;;From time to times;;;From time to times;Frequently;From time to times;From time to times;Never;Never;From time to times;Frequently;From time to times;From time to times;Frequently;Never;From time to times;Never;Female;46;Bac + 5;Je travaille dans le numérique ;187.91
215;19/03/2024 15:55;Data Analyst;;Industrie;;1;Python;;;Power BI;;;Excel;SQL;Frequently;;;Frequently;;;Frequently;From time to times;Frequently;Frequently;Rarely;From time to times;Frequently;From time to times;From time to times;Rarely;Rarely;Frequently;Never;Never;Male;31;Bac + 2 / 3;La récolte le nettoyage et la mise en valeur des données pour trouvé des axes de travail qui n'ont pas été explorés.;448.55
216;19/03/2024 15:58;Other;Technicien Data Quality;Prestation de services informatiques / statistiques;;1;Python;R;;Power BI;;;Excel;SQL;Never;From time to times;;Frequently;;;Frequently;Frequently;Rarely;Rarely;Rarely;Never;Never;Rarely;Frequently;Never;Frequently;Never;From time to times;Never;Male;25;Bac + 5;Pour mon poste actuelle, j'analyse des données de fréquentation et mon travail est de détecté les anomalies et de les traiter/corriger ;542.02
217;19/03/2024 15:55;Data Analyst;;Numérique / Web;;5;Python;;;;;;Excel;SQL;Never;;;;;;From time to times;Frequently;Frequently;Frequently;Never;Never;From time to times;Rarely;Frequently;Never;Frequently;From time to times;Rarely;Never;Male;28;Bac + 5;Data Analyst : à partir de données brutes, je les extraits, les range et les mets en images pour en tirer des recommendations et des conclusions.;191.81
218;19/03/2024 16:01;Other;Business Analyst;Prestation de services informatiques / statistiques;;5;Python;R;SAS;Power BI;Tableau;Qlik;Excel;SQL;From time to times;Never;Never;Frequently;Never;From time to times;Frequently;From time to times;From time to times;From time to times;Never;Never;From time to times;From time to times;From time to times;Frequently;From time to times;Never;Frequently;Never;Female;33;Bac + 2 / 3;Data Analyst;369.76
222;19/03/2024 16:15;Data Analyst;;Banques / assurances / finances;;5;Python;R;SAS;Power BI;;;;SQL;From time to times;Never;From time to times;From time to times;;;;Frequently;Frequently;Frequently;Never;Rarely;Rarely;From time to times;From time to times;Rarely;Frequently;Rarely;From time to times;Never;Male;30;Bac + 5;Data analyste ;220.05
224;19/03/2024 16:23;Data Engineer;;Industrie;;5;Python;;;;;;Excel;SQL;Frequently;;;;;;Frequently;From time to times;From time to times;Frequently;Never;Never;Rarely;Frequently;From time to times;Rarely;From time to times;Rarely;Rarely;Rarely;Male;27;Bac + 5;Data engineer, problem solver;318.16
226;19/03/2024 16:30;Data Analyst;;Banques / assurances / finances;;3;Python;R;;Power BI;Tableau;;Excel;SQL;Frequently;Never;;Never;Never;;Frequently;Frequently;Frequently;Frequently;Never;Never;Frequently;Rarely;Frequently;From time to times;Frequently;From time to times;Rarely;Never;Female;27;Bac + 5;J'analyse et je mets à disposition les données pour les Others équipes. Je gère aussi les flux de données.;176.73
229;19/03/2024 16:54;Data Scientist;;Santé;;7;Python;R;;;;;Excel;SQL;Frequently;Frequently;;;;;From time to times;From time to times;Frequently;Rarely;Frequently;From time to times;Rarely;From time to times;From time to times;From time to times;Frequently;Frequently;Rarely;From time to times;Male;60;Bac + 5;Data Scientist;296.11
231;19/03/2024 17:22;Data Analyst;;Prestation de services informatiques / statistiques;;1;Python;;;;Tableau;;Excel;SQL;Never;;;;Frequently;;From time to times;From time to times;Frequently;Frequently;Never;Never;Frequently;From time to times;Frequently;Rarely;Never;From time to times;Never;Never;Male;39;Bac + 5;Data analyst ou Statistician ;501.51
232;19/03/2024 17:25;Data Analyst;;Other;Musique;3;Python;;;Power BI;Tableau;;Excel;SQL;Frequently;;;Frequently;Never;;From time to times;Frequently;From time to times;Frequently;Never;Rarely;Never;Never;Frequently;Rarely;Frequently;Never;Frequently;Never;Male;30;Bac + 5;"J'apprends a faire parler les données que nos partenaires nous transmettent et les croisent avec les données propre à mon entreprise.
L'aide à la décision grâce à la donnée.";235.8
233;19/03/2024 17:28;Other;Data Officer;Other;Agriculture, négoce de matières premières;1;Python;;;;;;Excel;SQL;Frequently;;;;;;Frequently;Frequently;Rarely;Rarely;Never;Never;Rarely;Never;Rarely;Never;Frequently;From time to times;Never;Never;Male;25;Bac + 5;Analyse de données, prise de décision, suivi évaluation. ;433.35
234;19/03/2024 17:36;Other;Directeur Data;Other;Conseil;9;Python;R;SAS;Power BI;;;Excel;SQL;Frequently;Never;Never;From time to times;;;From time to times;Never;Frequently;Frequently;From time to times;Frequently;Frequently;From time to times;Frequently;Frequently;Rarely;From time to times;Frequently;Rarely;Male;50;Bac + 5;Directeur Data, j'encadre des ingénieurs en intelligence artificielle dans le but d'apporter des solutions à différents métiers ou de la valeur pour les clients.;582.89
235;19/03/2024 17:42;Other;Coordonnateur Data;Banques / assurances / finances;;1;Python;;SAS;;;;Excel;SQL;Frequently;;Frequently;;;;Frequently;Frequently;Frequently;Frequently;Rarely;Rarely;Frequently;Rarely;From time to times;Never;Frequently;Frequently;Rarely;Rarely;Male;25;Bac + 5;Je fExcellle et je joue avec des données pour obtenir faciliter les tâches de mes collègues.;392.71
236;19/03/2024 17:45;Data Scientist;;Enseignement / recherche;;1;Python;R;;;;;Excel;;Frequently;Frequently;;;;;From time to times;;From time to times;Frequently;Frequently;Never;Frequently;From time to times;From time to times;From time to times;Never;Frequently;Frequently;Never;Female;25;Bac + 5;Doctorant ;215.41
237;19/03/2024 17:55;Data Engineer;;Prestation de services informatiques / statistiques;;1;Python;R;;;;;Excel;SQL;Frequently;From time to times;;;;;From time to times;Frequently;Rarely;Never;From time to times;Never;Never;Frequently;Rarely;Frequently;Frequently;Rarely;Rarely;Never;Male;22;Bac + 5;"Data Engineer : J'écris des algorithmes pour acheminer des grandes quantités de données d'un endroit vers un Other, ou elles sont rangées correctement et ""propres"", prêtes à être analysées ou utilisées pour de l'intelligence artificielle.";226.38
239;19/03/2024 18:19;Data Scientist;;Santé;;5;Python;;;;;;Excel;SQL;Frequently;;;;;;From time to times;Frequently;Frequently;From time to times;Never;From time to times;From time to times;Frequently;Rarely;From time to times;Frequently;From time to times;From time to times;Never;Female;27;Bac + 5;"""Je suis dans l'informatique médicale""";222.94
241;19/03/2024 19:39;Data Analyst;;Prestation de services informatiques / statistiques;;2;Python;;;Power BI;;;Excel;SQL;Frequently;;;Frequently;;;From time to times;Frequently;Frequently;Rarely;Frequently;Frequently;From time to times;Rarely;Frequently;Frequently;Frequently;Frequently;Frequently;Frequently;Male;30;Bac + 5;Excel;336.54
242;19/03/2024 19:50;Data Scientist;;Banques / assurances / finances;;6;Python;;;Power BI;;;Excel;SQL;Frequently;;;From time to times;;;From time to times;Frequently;From time to times;Rarely;Frequently;Rarely;From time to times;From time to times;From time to times;Frequently;Frequently;Rarely;From time to times;Rarely;Male;31;Bac + 5;Je travaille dans l'analyse de données ;201.28
243;19/03/2024 19:57;Data Scientist;;Other;Consulting;3;Python;;;;;;Excel;SQL;Frequently;;;;;;Frequently;From time to times;Frequently;Rarely;Frequently;From time to times;Never;From time to times;From time to times;From time to times;Frequently;From time to times;From time to times;Frequently;Female;34;Bac + 5;J'ai tendance a renvoyer les gens vers la vidéo de David Louapre (science étonnante) sur le machine learning, mais plus simplement, j'explique que j'apprends aux ordinateurs à automatiser des taches (classer des entreprises par types, secteurs d'activités ou technologies employées a partir d'une description);639.37
245;19/03/2024 19:59;Data Scientist;;Industrie;;2;Python;R;;;;;Excel;SQL;Frequently;From time to times;;;;;From time to times;Frequently;Frequently;Never;Frequently;Never;Frequently;Never;From time to times;From time to times;Frequently;Frequently;From time to times;Never;Male;25;Bac + 5;Je réalise des études statistiques sur les données de consommation électrique des clients particuliers et professionnels de EDF;379.05
247;19/03/2024 20:12;Other;Ingénieur de recherche;Other;Sport;5;;R;;Power BI;;;Excel;SQL;;Frequently;;From time to times;;;From time to times;From time to times;Frequently;Rarely;From time to times;Rarely;From time to times;Rarely;Rarely;Rarely;From time to times;Frequently;From time to times;Rarely;Male;26;Bac + 5;J'utilise les données au service du sport pour préparer les jeux olympiques et paralympiques;258.78
249;19/03/2024 21:00;Data Engineer;;Banques / assurances / finances;;1;Python;R;;Power BI;Tableau;;Excel;SQL;Frequently;Never;;From time to times;From time to times;;From time to times;Frequently;Frequently;From time to times;From time to times;From time to times;Frequently;Frequently;Frequently;Frequently;Frequently;From time to times;Rarely;From time to times;Male;24;Bac + 5;analyse de données;380.35
250;19/03/2024 21:16;Other;Chef de projet à forte composante data;Other;Services / multiservices;2;Python;;;Power BI;Tableau;;Excel;SQL;Frequently;;;From time to times;Frequently;;Frequently;Frequently;Frequently;Frequently;Never;Rarely;From time to times;Frequently;Frequently;Frequently;Frequently;Never;From time to times;Never;Male;30;Bac + 2 / 3;Gestion de projets informatiques. Je m'occupe de transcrire le besoin métier et business (qui rapporte le CA) vers les équipes techniques.;248.33
251;19/03/2024 22:10;Data Analyst;;Prestation de services informatiques / statistiques;;3;Python;R;;Power BI;;;Excel;SQL;Frequently;Frequently;;From time to times;;;Frequently;From time to times;From time to times;Frequently;From time to times;From time to times;From time to times;From time to times;Frequently;From time to times;From time to times;Frequently;Frequently;From time to times;Male;27;Bac + 5;Je suis un data Analyst ;776.95
252;19/03/2024 22:11;Data Analyst;;Administration;;5;Python;;;Power BI;;;Excel;SQL;From time to times;;;Frequently;;;Frequently;Frequently;Frequently;Frequently;From time to times;From time to times;Rarely;Rarely;Frequently;From time to times;Frequently;From time to times;Never;Never;Male;52;Bac + 2 / 3;Analyse de données ;494.5
255;19/03/2024 23:19;Other;Data Miner;Marketing;;15;Python;R;SAS;Power BI;;;Excel;SQL;Frequently;From time to times;Frequently;From time to times;;;Frequently;Frequently;From time to times;Frequently;From time to times;Frequently;From time to times;From time to times;From time to times;Frequently;Frequently;Frequently;Frequently;Rarely;Male;40;Bac + 5;Stateee tissss tiiii ciiien;336.08
258;20/03/2024 01:59;Data Analyst;;Other;Télécommunication;3;Python;;;Power BI;;;Excel;SQL;From time to times;;;Frequently;;;Frequently;Frequently;Frequently;Frequently;Rarely;Never;Frequently;Never;Frequently;Rarely;Frequently;Frequently;From time to times;Never;Male;31;Bac + 2 / 3;Analyste des données ;334.02
259;20/03/2024 06:21;Data Analyst;;Other;Jeux de loterie et paris en ligne;7;Python;;;Power BI;;;Excel;SQL;From time to times;;;Frequently;;;Frequently;Frequently;Frequently;Frequently;Rarely;Never;From time to times;From time to times;Frequently;Frequently;Frequently;Rarely;From time to times;Never;Male;30;Bac + 5;Sortir des métriques utiles pour faciliter le pilotage de l’activité de mes clients à partir des données ;407.29
260;20/03/2024 08:09;Data Scientist;;Other;Télécom ;5;Python;;;Power BI;Tableau;;Excel;SQL;From time to times;;;Frequently;Frequently;;Frequently;Frequently;Frequently;Frequently;From time to times;Never;Frequently;Frequently;Frequently;Never;Frequently;Frequently;From time to times;From time to times;Female;28;Bac + 5;Mon métier consiste à travailler les données afin d'améliorer l'expérience client de nos utilisateurs en recherchant la meilleure info à l'aide de statistiques.;330.76
262;20/03/2024 09:00;Data Analyst;;Industrie;;2;;;;;;;Excel;;;;;;;;From time to times;;Rarely;Rarely;Never;Never;Never;Never;Never;Never;From time to times;Never;Never;Never;Male;30;Bac + 5;Gestionnaire de données ;369.16
263;20/03/2024 08:59;Other;PMO Data;Prestation de services informatiques / statistiques;;2;Python;;;;Tableau;;Excel;SQL;From time to times;;;;Never;;Frequently;Never;Rarely;Rarely;Never;Never;From time to times;Never;Rarely;Never;Never;From time to times;Rarely;Never;Male;30;Bac + 5;Je travaille dans un datalab, on fait des analyses statistiques et des visualisations de données pour la sécurité routiere;233.61
265;20/03/2024 10:43;Data Scientist;;Banques / assurances / finances;;14;Python;R;SAS;Power BI;Tableau;;Excel;SQL;Frequently;From time to times;Frequently;Frequently;From time to times;;Frequently;Frequently;Frequently;From time to times;Frequently;From time to times;Frequently;From time to times;From time to times;From time to times;Frequently;Frequently;Frequently;Frequently;Male;40;Bac + 5;datascientist;309.03
266;20/03/2024 10:48;Data Analyst;;Banques / assurances / finances;;6;Python;;SAS;Power BI;;Qlik;Excel;SQL;Never;;Never;From time to times;;Frequently;Frequently;Frequently;Frequently;Frequently;Never;Frequently;From time to times;Frequently;Frequently;Frequently;Frequently;Frequently;From time to times;Never;Male;30;Bac + 5;Consultant Data;173.17
267;20/03/2024 11:50;Data Scientist;;Other;Énergies renouvelables;5;Python;R;;;;;Excel;SQL;Frequently;Never;;;;;From time to times;Frequently;Frequently;Frequently;From time to times;Frequently;From time to times;From time to times;From time to times;Frequently;Frequently;Frequently;From time to times;From time to times;Female;31;Bac + 5;Data scientist ( analyse et exploitation des données);415.51
269;20/03/2024 13:40;Data Analyst;;Numérique / Web;;1;Python;;;Power BI;;;Excel;SQL;Frequently;;;Frequently;;;Frequently;Frequently;Frequently;Frequently;Frequently;Frequently;Frequently;Rarely;Frequently;From time to times;Frequently;From time to times;Frequently;Frequently;Male;31;Bac + 2 / 3;J'analyse de gros fichiers Excel pour en extraire des informations pertinentes;386.15
271;20/03/2024 15:15;Data Analyst;;Prestation de services informatiques / statistiques;;5;Python;R;;;;;Excel;SQL;From time to times;Never;;;;;From time to times;Frequently;Frequently;Frequently;Never;Never;From time to times;Rarely;Frequently;Rarely;Frequently;Rarely;From time to times;Never;Female;25;Bac + 5;Je fais de la visualisation de données et de la cartographie pour aider les collectivités territoriales à mieux comprendre leur territoire et les aider à prendre des décisions;503.75
274;20/03/2024 16:38;Data Analyst;;Industrie;;1;Python;;;Power BI;;;Excel;;From time to times;;;Frequently;;;Frequently;;Frequently;Frequently;Never;Never;From time to times;From time to times;Frequently;From time to times;From time to times;Rarely;Rarely;Never;Male;31;Bac + 2 / 3;Je m'occupe d'analyser l'activité de mon entreprise à l'aide des données provenant nos systèmes d'exploitation.;2702.99
278;20/03/2024 19:44;Data Analyst;;Prestation de services informatiques / statistiques;;2;Python;;;Power BI;;;Excel;SQL;From time to times;;;Frequently;;;Frequently;Frequently;Frequently;Frequently;Never;Never;Rarely;Never;Rarely;Never;Frequently;From time to times;Rarely;Never;Female;39;Bac + 5;J'exploite les données de l'entreprise pour aider les métiers.;243.48
279;20/03/2024 19:51;Data Analyst;;Marketing;;2;Python;;;Power BI;;;Excel;SQL;From time to times;;;Frequently;;;Frequently;From time to times;Frequently;Frequently;Never;Never;Frequently;Never;Frequently;Never;Rarely;From time to times;Never;Never;Female;34;Niveau Bac;Je fais de l'analyse de données et je gère l'équipe du service client en parallèle;178.83
280;20/03/2024 20:01;Data Analyst;;Other;Retail;3;Python;R;;;;;;SQL;From time to times;From time to times;;;;;;Frequently;Frequently;From time to times;Never;From time to times;From time to times;Frequently;From time to times;From time to times;Frequently;From time to times;From time to times;Never;Male;25;Bac + 5;Data Analyst / Engineer;180.21
281;20/03/2024 21:15;Data Engineer;;Prestation de services informatiques / statistiques;;2;Python;R;;Power BI;Tableau;;Excel;SQL;Frequently;Never;;Never;Never;;Never;From time to times;Never;Never;Never;Never;Never;Frequently;Never;Frequently;From time to times;Never;Never;Never;Female;32;Bac + 5;Data Engineer;281.96
285;21/03/2024 00:30;Data Analyst;;Industrie;;1;Python;;;Power BI;Tableau;;Excel;SQL;Frequently;;;Frequently;Never;;Frequently;Never;Frequently;Frequently;Never;Never;Rarely;From time to times;From time to times;Never;Never;Rarely;Never;Never;Male;26;Bac + 5;;260.98
286;21/03/2024 07:00;Other;Data steward;Prestation de services informatiques / statistiques;;2;;;;Power BI;;;Excel;SQL;;;;From time to times;;;Frequently;From time to times;Rarely;Frequently;Rarely;Never;Rarely;Rarely;Frequently;From time to times;From time to times;From time to times;Rarely;From time to times;Female;32;Bac + 5;Data steward en charge de mettre en place et coordonner des projets data;656.52
287;21/03/2024 08:16;Other;Analytics Engineer;Industrie;;5;Python;;;Power BI;;;Excel;SQL;Frequently;;;Frequently;;;Frequently;Frequently;Frequently;Frequently;Never;Frequently;Frequently;Frequently;Frequently;Frequently;Frequently;Rarely;From time to times;Never;Male;38;Bac + 5;Chef de projet Data, c'est à dire qui exploite les données pour aider l'entreprise à prendre de bonnes décisions et lui faire gagner du temps ;310.22
289;21/03/2024 12:04;Data Scientist;;Numérique / Web;;3;Python;R;;;;;;SQL;Frequently;Never;;;;;;Frequently;From time to times;Never;Frequently;From time to times;Never;Rarely;Rarely;From time to times;From time to times;From time to times;Never;From time to times;Male;25;Bac + 5;Ingénieur en Intelligence Artigicielle;216.87
297;21/03/2024 17:45;Data Scientist;;Banques / assurances / finances;;2;Python;;;Power BI;;;Excel;SQL;Frequently;;;From time to times;;;Frequently;Frequently;Frequently;Frequently;From time to times;Frequently;From time to times;Frequently;Frequently;Frequently;Frequently;Frequently;From time to times;Rarely;Male;27;Bac + 2 / 3;;400.98
298;21/03/2024 20:16;Data Analyst;;Transport;;3;Python;R;SAS;Power BI;Tableau;;Excel;SQL;From time to times;Never;Never;From time to times;Frequently;;From time to times;Frequently;Frequently;Frequently;Never;Rarely;Rarely;From time to times;Frequently;Never;Frequently;Frequently;From time to times;Rarely;Female;27;Bac + 5;Faire parler les données, et s’en servir pour optimiser le profit de l’entreprise ;262.85
300;22/03/2024 07:45;Other;BI Engineer ;Other;Betting;3;;;;;Tableau;;Excel;SQL;;;;;Frequently;;From time to times;Frequently;Frequently;Frequently;From time to times;From time to times;Never;Never;Never;Frequently;Frequently;Never;Frequently;Never;Female;53;Bac + 5;Je travaille dans la DATA;313.62
301;22/03/2024 08:06;Other;manager Data;Other;Energie;6;Python;R;;;;;Excel;;Frequently;Never;;;;;From time to times;;From time to times;Rarely;Frequently;From time to times;Frequently;From time to times;Rarely;From time to times;Frequently;From time to times;Frequently;From time to times;Male;42;Bac + 5;en tant que manager Data et Datascience, je pilote l'équipe de Dataengineering et de Datascience et suis responsable de la roadmap technologique;191.81
302;22/03/2024 08:24;Data Analyst;;Administration;;7;Python;R;;Power BI;Tableau;;Excel;SQL;Never;From time to times;;Frequently;Never;;Frequently;From time to times;Frequently;Frequently;Never;Rarely;From time to times;Never;From time to times;Rarely;From time to times;Rarely;Frequently;Never;Female;50;Bac + 5;Ingénieur ;251.13
303;22/03/2024 09:46;Data Scientist;;Other;Retail;3;Python;;;Power BI;;;Excel;SQL;From time to times;;;From time to times;;;Frequently;Frequently;Rarely;Rarely;From time to times;Rarely;Rarely;Never;From time to times;Never;Frequently;From time to times;From time to times;From time to times;Male;24;Bac + 5;Je travaille dans l’informatique et les statistiques ;306.38
306;22/03/2024 10:36;Statistician;;Santé;;10;;R;;;;;Excel;;;Frequently;;;;;Frequently;;Rarely;Frequently;Rarely;Never;Rarely;Never;From time to times;Never;Never;Frequently;Never;Never;Male;40;Bac + 5;Statistician ;235.56
308;22/03/2024 11:07;Data Analyst;;Banques / assurances / finances;;4;Python;;;Power BI;Tableau;;;;Frequently;;;From time to times;Frequently;;;;Frequently;Frequently;Rarely;Rarely;Frequently;Rarely;Frequently;Frequently;Frequently;Frequently;From time to times;Never;Male;30;Bac + 5;Data Analyst;179.57
313;22/03/2024 13:07;Data Analyst;;Banques / assurances / finances;;2;Python;R;;Power BI;;;Excel;SQL;From time to times;From time to times;;Frequently;;;Frequently;Frequently;Frequently;Frequently;Rarely;Never;Frequently;Rarely;Frequently;Rarely;Frequently;Frequently;Never;Rarely;Male;25;Bac + 5;Je malaxe des informations/ des données pour sortir avec des decisions.;396.93
315;22/03/2024 13:40;Data Scientist;;Banques / assurances / finances;;3;Python;R;;;;;Excel;SQL;Frequently;Never;;;;;From time to times;Frequently;From time to times;Frequently;From time to times;Frequently;Frequently;From time to times;Frequently;From time to times;Frequently;From time to times;Frequently;Frequently;Male;30;Bac + 5;Data scientist ;282.35
317;22/03/2024 13:47;Data Scientist;;Santé;;3;Python;R;;;;;Excel;;Frequently;From time to times;;;;;Frequently;;Frequently;Frequently;Frequently;From time to times;From time to times;Frequently;From time to times;From time to times;Frequently;Frequently;Frequently;From time to times;Female;47;Bac + 8;Data Scientiste ;196.19
318;22/03/2024 13:52;Data Scientist;;Other;Musique;4;Python;;;;;;;SQL;Frequently;;;;;;;From time to times;From time to times;Rarely;From time to times;Frequently;From time to times;Rarely;From time to times;Frequently;Frequently;From time to times;Frequently;Frequently;Male;27;Bac + 5;Data Scientist, j'analyse les données et construit des modèles d'IA avec;237.91
319;22/03/2024 13:54;Data Scientist;;Other;Gambling;8;Python;;;;;;;SQL;Frequently;;;;;;;Frequently;Frequently;Never;Frequently;Frequently;Frequently;Rarely;From time to times;Frequently;Frequently;Frequently;Frequently;Frequently;Male;35;Bac + 5;Matheux en entreprise.;232.99
320;22/03/2024 14:43;Data Engineer;;Other;Retail ;3;Python;R;SAS;Power BI;;;Excel;SQL;Frequently;Never;Never;From time to times;;;Frequently;Frequently;Rarely;From time to times;Rarely;From time to times;Never;Frequently;Rarely;Frequently;Frequently;Rarely;From time to times;Never;Male;28;Bac + 5;Data analyst;268.31
323;22/03/2024 15:11;Data Engineer;;Industrie;;2;Python;;;Power BI;;;Excel;SQL;Frequently;;;From time to times;;;From time to times;Frequently;Rarely;Never;Rarely;Never;From time to times;Rarely;Rarely;Frequently;Frequently;Never;From time to times;Never;Male;36;Bac + 2 / 3;Je travaille dans l'informatique et je m'occupe de récupérer des données pour les centraliser.;404.27
325;22/03/2024 16:00;Data Analyst;;Prestation de services informatiques / statistiques;;8;;;;;Tableau;;Excel;SQL;;;;;Never;;From time to times;Frequently;From time to times;From time to times;Never;Never;Never;Frequently;From time to times;Frequently;Frequently;Rarely;Rarely;Never;Male;33;Bac + 5;;280.65
326;22/03/2024 17:03;Data Scientist;;Administration;;2;Python;R;SAS;Power BI;;;Excel;SQL;Frequently;Never;Frequently;From time to times;;;Frequently;From time to times;Frequently;From time to times;Never;Never;Never;Never;Frequently;Never;Frequently;Frequently;Never;Never;Female;25;Bac + 5;Analyse de données en gros volume et modélisation, Mélanges de math et d’informatique ;284.03
327;22/03/2024 17:31;Data Engineer;;Industrie;;5;Python;;;Power BI;;;Excel;SQL;From time to times;;;Frequently;;;Frequently;Frequently;Frequently;Frequently;Never;Frequently;From time to times;Rarely;Frequently;Frequently;Frequently;Rarely;Frequently;Rarely;Male;25;Bac + 5;Data Engineer;497.86
329;22/03/2024 18:00;Other;;Banques / assurances / finances;;5;Python;;SAS;;;;Excel;SQL;From time to times;;Frequently;;;;Frequently;Frequently;From time to times;Frequently;Never;Rarely;From time to times;Rarely;From time to times;From time to times;Frequently;Frequently;Rarely;Rarely;Male;33;Bac + 5;Actuaire;192.61
331;22/03/2024 21:14;Statistician;;Santé;;5;Python;R;SAS;;;;Excel;SQL;From time to times;Frequently;From time to times;;;;Frequently;Never;Frequently;Frequently;Rarely;Rarely;Frequently;From time to times;Rarely;Rarely;Frequently;Frequently;From time to times;Rarely;Female;30;Bac + 5;Analyse de données de la santé pour évaluer l’efficacité de traitements et prédire des événements cliniques ;769.61
332;22/03/2024 21:16;Data Analyst;;Industrie;;3;;;;Power BI;;;Excel;;;;;Frequently;;;Frequently;;Frequently;From time to times;From time to times;From time to times;Frequently;Never;Frequently;Frequently;From time to times;From time to times;Frequently;Frequently;Male;35;Bac + 2 / 3;Analyste de données ;329.96
333;22/03/2024 21:43;Data Scientist;;Prestation de services informatiques / statistiques;;5;Python;R;SAS;Power BI;;;Excel;SQL;From time to times;Frequently;From time to times;From time to times;;;From time to times;From time to times;Frequently;Frequently;Rarely;Rarely;Rarely;Rarely;Frequently;Frequently;Rarely;Rarely;Frequently;Never;Female;28;Bac + 5;Consultante Data;302.53
335;23/03/2024 07:55;Data Scientist;;Other;Public;6;Python;;;;;;;SQL;From time to times;;;;;;;Frequently;From time to times;Frequently;Rarely;Never;From time to times;Rarely;Frequently;From time to times;Frequently;Frequently;From time to times;Never;Male;28;Bac + 5;Analyst;196.53
338;23/03/2024 08:39;Other;Data manager;Prestation de services informatiques / statistiques;;2;;R;;Power BI;;;Excel;SQL;;From time to times;;Frequently;;;Frequently;Frequently;Frequently;Frequently;Never;From time to times;Rarely;From time to times;From time to times;From time to times;Frequently;Frequently;Never;Rarely;Male;25;Bac + 2 / 3;Gestion de données et créations de tableau de bord pour suivre l’évolution des chiffres;214.35
339;23/03/2024 09:10;Data Analyst;;Banques / assurances / finances;;2;Python;;SAS;Power BI;;;Excel;SQL;From time to times;;From time to times;Frequently;;;Frequently;Frequently;Frequently;Frequently;Never;Never;From time to times;Frequently;From time to times;Frequently;Frequently;Never;From time to times;Never;Male;24;Bac + 5;BI Analyst ;242.68
340;23/03/2024 10:31;Data Engineer;;Banques / assurances / finances;;3;Python;;;Power BI;;;;SQL;Frequently;;;Never;;;;Frequently;Rarely;Rarely;Rarely;Rarely;From time to times;Frequently;Never;Frequently;Frequently;Rarely;Frequently;Rarely;Male;26;Bac + 5;Extraire et transformer des données pour les mettre à disposition ;269.16
347;23/03/2024 16:35;Data Analyst;;Other;Service public ;3;Python;R;;Power BI;;;Excel;SQL;Frequently;Frequently;;From time to times;;;Frequently;From time to times;Frequently;Frequently;From time to times;Rarely;From time to times;Frequently;Frequently;Rarely;Frequently;Frequently;Rarely;Never;Female;22;Bac + 5;Chargée d’études statistiques /data analyst ;395.53
349;23/03/2024 18:29;Data Analyst;;Other;Une agence d'études de marché;5;;R;;;;;Excel;;;From time to times;;;;;Frequently;;Frequently;From time to times;Rarely;Never;Frequently;Rarely;Frequently;Frequently;Never;Frequently;From time to times;Never;Male;26;Bac + 2 / 3;Chargés d'études senior;233.02
351;23/03/2024 19:38;Data Analyst;;Enseignement / recherche;;5;Python;;;Power BI;;;Excel;SQL;From time to times;;;Frequently;;;Frequently;Frequently;Frequently;Frequently;Never;Frequently;Rarely;Frequently;From time to times;Frequently;Frequently;From time to times;From time to times;Never;Male;35;Bac + 5;Je joue avec les données, à mi chemin du business et du développement informatique.;327.47
353;24/03/2024 01:15;Data Engineer;;Other;Retail;0;Python;;;Power BI;;;;SQL;From time to times;;;Frequently;;;;Frequently;From time to times;Rarely;Never;Frequently;Rarely;Frequently;Frequently;From time to times;Frequently;Never;Rarely;Never;Male;22;Bac + 5;;181.66
355;24/03/2024 10:27;Other;Ingénieure d'etude en intelligence artificielle;Enseignement / recherche;;4;Python;R;SAS;;;;;SQL;Frequently;Never;Never;;;;;Frequently;Frequently;From time to times;Frequently;Frequently;Frequently;From time to times;From time to times;Frequently;Frequently;From time to times;Frequently;Frequently;Female;31;Bac + 5;;355.33
358;24/03/2024 15:49;Other;Data architect;Other;Textile;18;Python;;;;Tableau;Qlik;Excel;SQL;From time to times;;;;Frequently;From time to times;Frequently;Frequently;From time to times;From time to times;Never;From time to times;From time to times;Frequently;Frequently;Frequently;Frequently;Never;Frequently;Never;Male;43;Bac + 5;Architecte api et data;430.53
359;24/03/2024 16:51;Other;Consultant;Banques / assurances / finances;;1;Python;;;Power BI;;;Excel;;Frequently;;;Frequently;;;From time to times;;Frequently;Frequently;Never;From time to times;Rarely;Rarely;Frequently;Rarely;Rarely;Rarely;Rarely;Never;Male;23;Bac + 5;Je fais de la programmation et de la statistique ;599.24
362;24/03/2024 23:08;Data Analyst;;Other;IT;8;Python;R;SAS;Power BI;Tableau;;Excel;SQL;Frequently;Never;Never;Never;Frequently;;From time to times;Frequently;Frequently;Frequently;Rarely;Rarely;From time to times;From time to times;Frequently;Rarely;Frequently;From time to times;From time to times;Never;Female;30;Bac + 5;"Product analyst 
Ou je dis que j'analyse les données du produit pour recommender aux business d'améliorer les algorithmes data science et j'explique le contexte ";293.34
364;25/03/2024 05:21;Data Scientist;;Transport;;10;Python;;;Power BI;;;;SQL;Frequently;;;Frequently;;;;Frequently;From time to times;Frequently;Frequently;From time to times;From time to times;Rarely;From time to times;From time to times;Frequently;From time to times;Rarely;From time to times;Male;38;Bac + 5;construction et optimisation d'algorithmes boostés à lIA pour faire bouger le (métier du) ferroviaire;464.16
365;25/03/2024 06:23;Data Scientist;;Prestation de services informatiques / statistiques;;15;;R;SAS;;;;Excel;SQL;;Frequently;Never;;;;From time to times;From time to times;Frequently;Frequently;From time to times;Frequently;From time to times;Frequently;From time to times;Rarely;Rarely;Frequently;Frequently;From time to times;Male;40;Bac + 8;Mathématicien;244.33
367;25/03/2024 08:09;Data Analyst;;Numérique / Web;;3;Python;;;Power BI;Tableau;;Excel;SQL;From time to times;;;From time to times;Never;;From time to times;Frequently;Frequently;From time to times;Rarely;Never;From time to times;Rarely;Never;From time to times;Frequently;Rarely;Rarely;Never;Male;33;Bac + 5;Je travaille dans la data;333.6
368;25/03/2024 12:17;Other;Chef de projet énergie et data;Other;Energie;5;;;;;;;Excel;SQL;;;;;;;Frequently;From time to times;From time to times;From time to times;Never;Frequently;Frequently;Frequently;From time to times;Frequently;Frequently;Rarely;Frequently;Never;Male;43;Bac + 5;Ingénieur car personne ne comprend ce que je fais 😀;306.36
369;25/03/2024 12:19;Statistician;;Santé;;12;;R;SAS;;;Qlik;Excel;SQL;;Never;Frequently;;;From time to times;Frequently;Frequently;From time to times;Frequently;Never;From time to times;Frequently;Rarely;Never;From time to times;Frequently;From time to times;Never;Never;Male;35;Bac + 5;Statistician ;374.45
370;25/03/2024 17:06;Data Engineer;;Santé;;2;Python;R;SAS;;Tableau;Qlik;Excel;SQL;Frequently;Never;From time to times;;Never;Never;From time to times;From time to times;Never;Never;Never;Frequently;Rarely;Frequently;Never;Frequently;From time to times;Never;Rarely;Never;Female;26;Bac + 5;Je programme des pipelines qui vont récupérer des données médicales sur des sources publiques ou privées automatiquement. Ensuite je transforme ces données pour les rendre utilisables en fonction de nos besoins.;590.5
371;25/03/2024 17:20;Data Engineer;;Prestation de services informatiques / statistiques;;4;Python;;;;Tableau;;Excel;SQL;Frequently;;;;Never;;From time to times;Frequently;Frequently;Never;Never;Frequently;Rarely;Frequently;From time to times;Frequently;Frequently;From time to times;Frequently;Never;Male;29;Bac + 5;"Publications de données
Organisation propre de la donnée ";283.81
372;25/03/2024 17:40;Statistician;;Marketing;;3;Python;R;;Power BI;;;Excel;SQL;From time to times;Frequently;;From time to times;;;Frequently;Never;From time to times;From time to times;Rarely;Rarely;Never;Rarely;Rarely;Rarely;Never;Frequently;From time to times;Never;Male;28;Bac + 5;J'analyse les données ;372.62
375;26/03/2024 08:09;Data Scientist;;Prestation de services informatiques / statistiques;;5;Python;R;;;Tableau;;Excel;SQL;Frequently;Frequently;;;From time to times;;From time to times;Never;Frequently;Rarely;From time to times;Rarely;From time to times;Never;From time to times;Rarely;Rarely;Frequently;From time to times;Never;Female;27;Bac + 5;Je fais des statistiques pour d'Others entreprises pour par exemple, prédire des défauts machines, prédire les ventes ou simplement à comprendre leurs ventes;231.55
376;26/03/2024 08:37;Data Scientist;;Santé;;9;Python;R;SAS;;Tableau;;Excel;SQL;Frequently;From time to times;Never;;From time to times;;Frequently;Frequently;Frequently;From time to times;From time to times;Rarely;Frequently;From time to times;Frequently;From time to times;Frequently;Frequently;Frequently;Rarely;Male;32;Bac + 5;Data Scientist, j’analyse des données pour aider à la prise de décision éclairée ;297.04
378;26/03/2024 08:41;Data Analyst;;Banques / assurances / finances;;3;Python;R;SAS;Power BI;;Qlik;Excel;SQL;From time to times;Never;Frequently;Never;;Never;Frequently;Frequently;Frequently;Frequently;Rarely;Rarely;From time to times;Never;Frequently;Never;Frequently;From time to times;Rarely;Rarely;Female;24;Bac + 5;Je récupère de la donnée type donnée client(âge,sexe,socio-demo, etc) et je la met sous forme de graphique pour que ça parle à tout le monde ;243.67
379;26/03/2024 08:44;Data Analyst;;Other;Environnement;4;Python;R;;Power BI;;;Excel;;From time to times;Frequently;;Never;;;From time to times;;Frequently;Rarely;Frequently;From time to times;Rarely;From time to times;Never;Rarely;From time to times;Frequently;Frequently;Never;Female;26;Bac + 5;J'analyse les données de consommation des usagers et j'évalue l'impact des solutions mises en place en vue de réduire cette consommation.;283.42
380;26/03/2024 10:14;Data Engineer;;Prestation de services informatiques / statistiques;;2;Python;;;;;;;SQL;Frequently;;;;;;;Frequently;Frequently;Frequently;Rarely;Rarely;Frequently;Frequently;Frequently;Frequently;Frequently;From time to times;Frequently;Rarely;Female;26;Bac + 5;Je prépare les données pour qu'elles soient exploitables;204.07
382;26/03/2024 10:58;Data Engineer;;Prestation de services informatiques / statistiques;;7;Python;R;SAS;Power BI;;;Excel;SQL;Frequently;From time to times;Never;From time to times;;;Frequently;Frequently;From time to times;From time to times;From time to times;Rarely;Rarely;Frequently;Frequently;Frequently;Frequently;From time to times;Frequently;From time to times;Female;29;Bac + 5;ingénieur data / traitement de données pour le secteur public;380.42
385;26/03/2024 17:05;Data Analyst;;Numérique / Web;;1;Python;R;;Power BI;Tableau;;Excel;SQL;Never;Never;;From time to times;Frequently;;From time to times;Frequently;Frequently;Frequently;Never;Frequently;From time to times;Frequently;Frequently;Frequently;Frequently;Never;Never;Never;Male;33;Bac + 5;Gestion et traitement des données pour les mettre en valeur à travers différents modes de représentation;291.95
390;27/03/2024 09:14;Data Analyst;;Other;Agro alimentaire;11;;R;SAS;Power BI;Tableau;Qlik;Excel;SQL;;Never;Never;Never;Never;Frequently;Frequently;Frequently;Frequently;Frequently;Never;From time to times;Never;Rarely;Frequently;Frequently;Frequently;Frequently;Never;Never;Male;32;Bac + 2 / 3;Informatique, travail de la donnée ;209.53
391;27/03/2024 09:51;Statistician;;Santé;;10;;R;SAS;;;;Excel;SQL;;Frequently;Frequently;;;;Frequently;Frequently;From time to times;From time to times;Never;Never;From time to times;From time to times;Never;Rarely;Frequently;Frequently;Never;From time to times;Male;35;Bac + 5;bioStatistician;239.28
392;27/03/2024 10:07;Data Analyst;;Other;Qualité de l'eau;25;Python;R;SAS;Power BI;Tableau;;Excel;;Never;Frequently;Never;From time to times;Never;;From time to times;;Frequently;Frequently;Rarely;Never;From time to times;Rarely;Rarely;Never;Rarely;Frequently;Never;Rarely;Female;48;Bac + 8;Consultante et formatrice dans la data;320.37
393;27/03/2024 11:11;Data Analyst;;Industrie;;5;Python;R;;Power BI;Tableau;Qlik;Excel;SQL;Frequently;From time to times;;From time to times;Frequently;Never;Frequently;Frequently;Frequently;Frequently;Never;From time to times;From time to times;From time to times;Frequently;From time to times;Frequently;Never;From time to times;Never;Male;27;Bac + 5;Data analyste, j'analyse des données, je réalise des tableaux de bord afin de comprendre ce qui se passe !;321.01
395;27/03/2024 15:11;Other;Measurement Partner;Marketing;;9;Python;R;SAS;;;;Excel;SQL;From time to times;From time to times;Never;;;;Frequently;From time to times;From time to times;Never;From time to times;Never;Frequently;Never;Frequently;Never;Rarely;Frequently;Frequently;Never;Female;33;Bac + 5;J'analyse l'efficacité des publicités sur TikTok pour générer de la valeur ajoutée sur le business d'une marque, et je conseille ces marques sur la stratégie de tests et de mesure à adopter pour comprendre ce qui fonctionne le mieux pour eux sur TikTok.;495.65
398;27/03/2024 19:28;Data Analyst;;Other;service public;2;Python;R;;;Tableau;Qlik;Excel;SQL;From time to times;Never;;;Never;Frequently;Frequently;Frequently;Frequently;Frequently;Never;Never;Never;From time to times;Frequently;Frequently;Frequently;Rarely;From time to times;Never;Female;40;Bac + 5;Je travaille avec l'information, j'organise l'information pour qu'elle soit exploitable aux utilisateurs ;374.28
401;28/03/2024 12:17;Data Analyst;;Banques / assurances / finances;;4;;;;;Tableau;;;SQL;;;;;Never;;;Frequently;Frequently;Frequently;Rarely;Frequently;Frequently;Frequently;From time to times;Frequently;Frequently;From time to times;From time to times;Never;Female;28;Bac + 5;Mon métier consiste à créer des indicateurs, fournir des donnés au métier afin de suivre la productivité des équipes et de prendre des décisions.;300.36
402;28/03/2024 13:12;Data Engineer;;Administration;;20;Python;;;;;;;SQL;From time to times;;;;;;;Frequently;From time to times;From time to times;Never;Never;Never;Frequently;Never;Frequently;Frequently;Never;From time to times;Never;Female;42;Bac + 5;Ingénieur data;382.44
403;28/03/2024 15:40;Data Scientist;;Administration;;5;Python;R;;;;Qlik;;SQL;Frequently;Never;;;;Never;;From time to times;From time to times;Never;Frequently;Frequently;Never;From time to times;Rarely;Frequently;Rarely;From time to times;Frequently;Frequently;Male;29;Bac + 5;"Data Scientist pour les jeunes/personnes qui peuvent avoir une culture numérique forte.

""Développeur dans l'IA"" pour le reste";301.1
407;29/03/2024 10:43;Data Analyst;;Banques / assurances / finances;;3;Python;;;Power BI;;;Excel;SQL;Never;;;Frequently;;;Frequently;Frequently;Frequently;Frequently;Never;From time to times;From time to times;Never;Frequently;Frequently;Frequently;Never;Frequently;Never;Male;22;Bac + 5;Data Analyst;299.29
409;29/03/2024 10:47;Data Analyst;;Marketing;;1;Python;R;;Power BI;;;;SQL;Frequently;From time to times;;Frequently;;;;Frequently;Frequently;From time to times;From time to times;Frequently;From time to times;Frequently;Frequently;From time to times;Frequently;Frequently;Frequently;Frequently;Male;29;Bac + 2 / 3;Mon métier consiste a analyser des données de tout type afin d'aider les particuliers et entreprises a développer et d'aider a une meilleure compréhension leurs activités. ;391.09
410;29/03/2024 11:06;Data Analyst;;Other; construction;0;Python;;;;;;Excel;;From time to times;;;;;;From time to times;;From time to times;From time to times;Never;Never;From time to times;Frequently;From time to times;Never;Never;Never;Never;Never;Female;29;Bac + 5;Data analyste/Finance;412.47
413;29/03/2024 11:24;Data Analyst;;Prestation de services informatiques / statistiques;;12;;;;Power BI;Tableau;;Excel;SQL;;;;Frequently;Frequently;;Frequently;From time to times;Frequently;Frequently;Frequently;From time to times;Frequently;Frequently;Frequently;Rarely;From time to times;Frequently;Rarely;Rarely;Male;37;Bac + 5;Consultant en analyse décisionnelle dans le champ de l'action publique;677.14
419;29/03/2024 11:42;Data Analyst;;Enseignement / recherche;;10;Python;R;;Power BI;;;Excel;SQL;Frequently;From time to times;;Frequently;;;Frequently;From time to times;Frequently;Frequently;Never;Never;From time to times;From time to times;Frequently;From time to times;Frequently;Rarely;Rarely;Never;Male;39;Bac + 5;Gestion et analyse de données ;308.2
425;29/03/2024 12:12;Data Analyst;;Banques / assurances / finances;;1;Python;R;;Power BI;Tableau;;Excel;SQL;Frequently;Never;;Frequently;Frequently;;Frequently;From time to times;Frequently;Frequently;Frequently;Rarely;From time to times;Rarely;Frequently;From time to times;Rarely;From time to times;Frequently;From time to times;Male;32;Bac + 5;Data analyst ;436.58
426;29/03/2024 12:12;Other;Stage de recherche sur de la fExcellle de données ;Enseignement / recherche;;0;Python;R;;;Tableau;;Excel;SQL;Never;Never;;;Never;;Never;Never;Never;Never;Never;Never;Frequently;Never;Never;Never;Never;Never;From time to times;Rarely;Female;23;Bac + 5;Analyse et traitement des données ;305.69
427;29/03/2024 12:21;Data Scientist;;Santé;;2;Python;;;;Tableau;;Excel;SQL;Frequently;;;;Never;;From time to times;From time to times;Frequently;From time to times;Never;Never;Rarely;From time to times;Never;Frequently;From time to times;From time to times;From time to times;Never;Female;38;Bac + 5;je travail dans l'informatique, sur le traitement des données, avec de l'intelligence artificielle;268.36
429;29/03/2024 13:18;Data Analyst;;Other;Événementiel ;1;Python;R;SAS;Power BI;;;Excel;SQL;Frequently;Never;Never;Frequently;;;From time to times;Frequently;Frequently;Frequently;Never;Never;Frequently;From time to times;Frequently;From time to times;Frequently;Frequently;Never;Never;Male;25;Bac + 5;Je valorise les données brutes des entreprises pour les aider dans leur prise de décision ;250.51
432;29/03/2024 14:08;Data Scientist;;Other;Armée de l'Air et de l'Espace;2;Python;R;SAS;;;Qlik;;SQL;Frequently;Never;Never;;;From time to times;;From time to times;Rarely;Rarely;Frequently;From time to times;Rarely;Never;Rarely;Frequently;Rarely;From time to times;Rarely;Rarely;Female;25;Bac + 5;Je suis Data Scientist en francais scientifique de la donnée. Je participe à créer des modèles d'IA tel que chatGPT en partie ou encore pour faire de la prédiction, aide à la décision;273.87
434;29/03/2024 15:04;Data Analyst;;Banques / assurances / finances;;7;Python;;SAS;Power BI;Tableau;;Excel;SQL;Frequently;;From time to times;Frequently;Frequently;;Frequently;Frequently;Frequently;Frequently;Rarely;Never;Frequently;Rarely;Frequently;Rarely;Frequently;Frequently;Frequently;Never;Male;33;Bac + 5;Analyste de données ;261.83
435;29/03/2024 16:31;Data Scientist;;Transport;;1;Python;;;;;;Excel;SQL;Frequently;;;;;;From time to times;Never;Frequently;Frequently;Frequently;From time to times;From time to times;From time to times;Rarely;Frequently;From time to times;From time to times;From time to times;From time to times;Male;24;Bac + 5;Data Scientist dans le domaine du BTP;268.99
436;29/03/2024 16:32;Other;Business Intelligence Analyst;Other;Agriculture ;3;;R;;Power BI;;;Excel;SQL;;Never;;Frequently;;;Frequently;Frequently;Frequently;Frequently;Never;Frequently;Frequently;Never;Frequently;Never;Frequently;Rarely;Never;Never;Male;26;Bac + 5;Data analyst ;170.37
437;29/03/2024 16:57;Other;BioStatistician;Santé;;5;Python;R;SAS;;Tableau;;Excel;SQL;Never;Frequently;From time to times;;Never;;Frequently;From time to times;Never;Rarely;Rarely;Rarely;From time to times;From time to times;Never;From time to times;From time to times;Frequently;Frequently;Never;Male;27;Bac + 5;;424.19
438;29/03/2024 17:03;Data Scientist;;Banques / assurances / finances;;14;Python;R;SAS;Power BI;Tableau;Qlik;Excel;SQL;Frequently;From time to times;Never;Never;Frequently;Never;Frequently;Frequently;From time to times;Rarely;Frequently;Frequently;Frequently;Rarely;From time to times;Rarely;Frequently;Frequently;From time to times;Frequently;Male;38;Bac + 2 / 3;Data scientist ;248.85
441;29/03/2024 18:14;Statistician;;Administration;;20;;R;SAS;;;;Excel;SQL;;Frequently;Never;;;;From time to times;Frequently;Frequently;From time to times;Rarely;Rarely;From time to times;From time to times;From time to times;Never;Frequently;Frequently;From time to times;Rarely;Male;53;Bac + 5;Statistician ;226.97
445;29/03/2024 20:50;Data Scientist;;Banques / assurances / finances;;4;Python;;;;Tableau;;;SQL;Frequently;;;;From time to times;;;From time to times;Frequently;From time to times;From time to times;From time to times;From time to times;Rarely;From time to times;From time to times;From time to times;Frequently;From time to times;From time to times;Male;40;Bac + 5;Data scientist ;364.3
446;29/03/2024 21:05;Data Analyst;;Banques / assurances / finances;;10;Python;R;SAS;Power BI;Tableau;Qlik;Excel;SQL;Never;Never;Frequently;Never;Frequently;Never;Frequently;Frequently;Frequently;Frequently;Never;Never;Frequently;Frequently;Frequently;Never;Frequently;Frequently;Never;Never;Male;30;Bac + 2 / 3;Data Analyst ;258.71
447;29/03/2024 21:07;Other;Ingénieur de recherche;Banques / assurances / finances;;3;Python;R;SAS;Power BI;Tableau;Qlik;Excel;SQL;Frequently;From time to times;Never;Never;Never;Never;Never;Never;Never;Never;Frequently;Never;Never;Never;Rarely;Never;Never;Frequently;Frequently;Never;Female;28;Bac + 5;;225.38
449;29/03/2024 22:56;Data Analyst;;Prestation de services informatiques / statistiques;;8;Python;R;SAS;;Tableau;;Excel;SQL;Frequently;Never;Never;;Frequently;;From time to times;Frequently;Frequently;From time to times;From time to times;Rarely;Rarely;Frequently;From time to times;Frequently;From time to times;Frequently;Frequently;Rarely;Female;30;Bac + 5;Je travaille avec le métier pour travailler sur la qualité de leurs données et proposer des analyses pertinentes de leurs données;460.67
450;30/03/2024 00:10;Data Analyst;;Prestation de services informatiques / statistiques;;3;Python;R;;Power BI;;;Excel;SQL;From time to times;Frequently;;From time to times;;;From time to times;Frequently;Frequently;From time to times;From time to times;From time to times;Frequently;Rarely;Frequently;Rarely;Frequently;Frequently;From time to times;From time to times;Female;35;Bac + 2 / 3;;304.31
458;30/03/2024 13:52;Data Scientist;;Prestation de services informatiques / statistiques;;2;Python;R;;;;;Excel;SQL;Frequently;From time to times;;;;;From time to times;From time to times;Frequently;From time to times;Frequently;Frequently;Rarely;Frequently;From time to times;From time to times;Frequently;From time to times;From time to times;From time to times;Male;24;Bac + 5;Science des données;169
460;30/03/2024 16:08;Data Scientist;;Banques / assurances / finances;;18;Python;;SAS;;;;Excel;SQL;Frequently;;Frequently;;;;Frequently;From time to times;Never;Rarely;Frequently;Rarely;Frequently;Frequently;Frequently;Rarely;Frequently;Frequently;From time to times;From time to times;Female;41;Bac + 5;Mon travail est d’analyser la données et faire des modèles statistiques pour prédire le comportement des gens ;170.6
461;30/03/2024 21:54;Data Scientist;;Other;Environnement et santé publique;0;Python;R;SAS;Power BI;;;Excel;SQL;Frequently;From time to times;Never;Never;;;Frequently;Never;Frequently;Never;Frequently;Rarely;Rarely;Frequently;Rarely;Never;Never;From time to times;Never;Never;Male;22;Bac + 2 / 3;Je collecte, traite des données puis je mets en place des techniques d'apprentissage automatique pour pouvoir répondre à des questions.;410.5
464;30/03/2024 22:07;Data Analyst;;Other;Grande distribution ;2;Python;R;;Power BI;;Qlik;Excel;SQL;From time to times;Never;;Frequently;;Never;Frequently;Frequently;Frequently;From time to times;Never;From time to times;Frequently;From time to times;Frequently;Never;Frequently;Rarely;Frequently;Never;Male;30;Bac + 5;;128
465;30/03/2024 22:14;Data Scientist;;Other;Telecom;8;Python;;;;;;;SQL;Frequently;;;;;;;From time to times;Frequently;Never;Frequently;Frequently;Rarely;Frequently;Frequently;Frequently;Frequently;Frequently;Frequently;Frequently;Male;32;Bac + 5;Lead Data Scientist;282.47
467;31/03/2024 11:39;Data Analyst;;Marketing;;3;;;;Power BI;;;Excel;;;;;From time to times;;;Frequently;;From time to times;Frequently;Rarely;From time to times;Frequently;Frequently;Rarely;Rarely;From time to times;Frequently;From time to times;Rarely;Female;27;Bac + 5;Data analyst ;247.75
469;31/03/2024 20:32;Data Engineer;;Other;Droit;2;Python;;;;Tableau;;Excel;SQL;Frequently;;;;From time to times;;From time to times;From time to times;Rarely;From time to times;Rarely;Rarely;Rarely;Frequently;Frequently;Frequently;Frequently;Rarely;Frequently;Rarely;Male;41;Bac + 5;J'ai du mal à définir mon métier ;200.17
470;01/04/2024 00:39;Data Scientist;;Other;Retail;2;Python;;;;;;;SQL;Frequently;;;;;;;From time to times;Frequently;Frequently;Rarely;Rarely;Frequently;Never;Frequently;Rarely;Frequently;Frequently;From time to times;From time to times;Male;42;Bac + 5;Consultant en transition numérique, j'accompagne les PME dans la gestion et l'exploitation de leurs data;393.4
472;01/04/2024 08:52;Data Analyst;;Other;Agriculture ;2;;R;;;;;Excel;;;Frequently;;;;;Frequently;;Frequently;Frequently;Rarely;Frequently;Frequently;Rarely;Rarely;Frequently;Rarely;Frequently;Frequently;Rarely;Male;32;Bac + 8;Breeding data analyst;219.43
473;01/04/2024 10:33;Data Engineer;;Marketing;;3;Python;;;;;;;SQL;Frequently;;;;;;;Frequently;From time to times;Never;From time to times;From time to times;Rarely;From time to times;Rarely;Frequently;From time to times;Frequently;From time to times;Rarely;Male;28;Bac + 5;Ingénieur en data;220.35
474;01/04/2024 10:50;Data Analyst;;Administration;;3;Python;R;SAS;Power BI;Tableau;Qlik;Excel;SQL;Never;Frequently;Never;Never;Never;Never;From time to times;Frequently;Frequently;Frequently;Never;Frequently;Rarely;From time to times;From time to times;Rarely;Frequently;From time to times;From time to times;Never;Male;23;Bac + 2 / 3;Data analyst / webmaster ;382.84
477;02/04/2024 03:15;Statistician;;Santé;;10;;R;SAS;;;;;;;From time to times;Frequently;;;;;;Never;Never;Never;Frequently;Frequently;Rarely;Frequently;Rarely;From time to times;Frequently;Frequently;Never;Female;33;Bac + 8;"Statistician
Surveillance des medicaments ";379.57
478;02/04/2024 05:50;Other;Clinical data manager ;Santé;;15;;R;SAS;Power BI;;;Excel;SQL;;Never;Frequently;From time to times;;;Frequently;Never;Never;From time to times;Never;Never;Never;From time to times;Never;From time to times;Rarely;Never;Never;Never;Female;41;Bac + 2 / 3;Cheffe de projet ;205.12
482;02/04/2024 11:20;Data Analyst;;Prestation de services informatiques / statistiques;;2;Python;;;Power BI;;;Excel;;Frequently;;;Frequently;;;Frequently;;Frequently;Frequently;Never;Never;Never;Never;Frequently;Rarely;Never;Never;From time to times;Never;Male;33;Bac + 2 / 3;J'ai les entreprises à prendre des décisions basées sur des chiffres;170.66
485;03/04/2024 09:00;Data Scientist;;Santé;;5;Python;R;;Power BI;;;Excel;;From time to times;From time to times;;From time to times;;;Frequently;;From time to times;Rarely;Frequently;Frequently;Frequently;Rarely;Frequently;Frequently;Frequently;Frequently;Frequently;Frequently;Female;29;Bac + 5;Traitement et analyse des bases de données ;361.16
486;03/04/2024 09:24;Data Analyst;;Marketing;;1;Python;;;Power BI;;;Excel;;Frequently;;;Frequently;;;Frequently;;Frequently;Frequently;Never;Never;Never;From time to times;Rarely;Never;Never;Never;Never;Never;Female;25;Bac + 2 / 3;Data Analyst, je fais des graphiques en tout genre;194.57
487;04/04/2024 09:57;Data Analyst;;Other;association ;3;Python;R;SAS;Power BI;;;Excel;SQL;Frequently;From time to times;From time to times;From time to times;;;Frequently;From time to times;Rarely;Rarely;Never;From time to times;From time to times;Frequently;Never;Never;Never;From time to times;Never;Never;Female;20;Bac + 2 / 3;chargée d'études stat / data analyst / data manager;241.14
490;05/04/2024 10:33;Other;Data Manager;Santé;;1;Python;R;SAS;Power BI;;;Excel;SQL;Never;Never;Frequently;Never;;;Frequently;From time to times;Rarely;Never;Never;Never;Rarely;Frequently;Never;Rarely;Frequently;From time to times;Never;Never;Female;20;Bac + 2 / 3;Contrôles de cohérence des données cliniques et création de la base de données;214.28
492;06/04/2024 13:45;Data Analyst;;Prestation de services informatiques / statistiques;;10;Python;R;SAS;Power BI;Tableau;Qlik;Excel;SQL;Frequently;From time to times;Frequently;Frequently;From time to times;From time to times;Frequently;Frequently;Frequently;Frequently;Rarely;Never;Frequently;Rarely;Frequently;From time to times;Frequently;From time to times;Rarely;Never;Female;34;Bac + 5;Manager Data;318.79
493;08/04/2024 12:59;Data Analyst;;Prestation de services informatiques / statistiques;;5;Python;R;SAS;Power BI;;;Excel;SQL;From time to times;From time to times;Never;Frequently;;;Frequently;Frequently;Frequently;Frequently;Never;Never;Frequently;Frequently;Frequently;Rarely;Frequently;Frequently;From time to times;Never;Male;28;Bac + 5;Statistiques pour aider à la décision;213.88
494;08/04/2024 22:09;Data Scientist;;Santé;;4;Python;R;;Power BI;;;Excel;SQL;Never;Frequently;;Never;;;From time to times;From time to times;Frequently;Frequently;Never;Never;Frequently;Frequently;Rarely;From time to times;From time to times;From time to times;Never;Never;Male;29;Bac + 5;Exploitation de données de consommation de soins sur un territoire ou des développements réalisés;308.23
